calendar_date,sessions,total_energy_kWh,average_energy_kWh,average_charging_hours
2011-07-29,1,6.249457,6.249457,1.9008333333333334
2011-07-30,5,28.978653,5.795730600000001,1.7240000000000002
2011-07-31,3,37.209163,12.403054333333332,3.5992592592592594
2011-08-01,1,5.041244,5.041244,1.5855555555555556
2011-08-02,3,16.210423,5.403474333333333,1.555462962962963
2011-08-03,5,31.644829,6.328965800000001,2.069777777777778
2011-08-04,4,24.969738,6.2424345,2.147708333333333
2011-08-05,5,31.489418,6.2978836000000005,1.9116666666666666
2011-08-06,7,69.274091,9.896298714285715,2.692261904761905
2011-08-07,2,13.397158999999998,6.698579499999999,2.1079166666666667
2011-08-08,4,18.101343,4.52533575,1.3370833333333334
2011-08-09,5,17.349076,3.4698152,1.02
2011-08-10,2,11.151858,5.575929,1.6119444444444444
2011-08-11,4,17.816884,4.454221,1.2921527777777777
2011-08-12,3,13.36458,4.45486,1.4749999999999999
2011-08-13,4,21.485198,5.3712995,1.8963194444444444
2011-08-14,3,22.584837,7.528279,2.3363888888888886
2011-08-15,5,19.313083,3.8626166,1.2929444444444445
2011-08-16,6,27.104459,4.517409833333333,1.6584259259259262
2011-08-17,4,24.843651,6.21091275,1.8511805555555556
2011-08-18,7,26.980354,3.8543362857142855,1.2128571428571429
2011-08-19,6,31.553527000000003,5.258921166666667,1.5353703703703703
2011-08-20,3,12.648807,4.216269,1.4393518518518518
2011-08-21,5,38.561442,7.7122884,2.517444444444444
2011-08-22,3,9.631848,3.210616,1.021111111111111
2011-08-23,5,43.649644,8.7299288,2.6600555555555556
2011-08-24,6,47.555459,7.925909833333333,2.6121296296296297
2011-08-25,3,14.774353000000001,4.924784333333334,1.4485185185185185
2011-08-26,4,17.175258,4.2938145,1.2479166666666666
2011-08-27,4,27.324761,6.83119025,2.111666666666667
2011-08-28,5,34.545546,6.9091092000000005,1.984
2011-08-29,5,20.875614,4.1751228,1.3463333333333334
2011-08-30,4,26.982022,6.7455055,2.0143750000000002
2011-08-31,10,43.908577,4.3908577,1.38925
2011-09-01,4,20.482843000000003,5.120710750000001,1.5125694444444444
2011-09-02,6,50.133729,8.3556215,2.4433796296296295
2011-09-03,4,45.009934,11.2524835,3.4027083333333334
2011-09-04,5,54.286379,10.8572758,3.3465555555555553
2011-09-05,3,8.618458,2.8728193333333336,0.8675
2011-09-06,7,28.615484000000002,4.087926285714286,1.5369047619047618
2011-09-07,6,27.125503000000002,4.520917166666667,1.3550000000000002
2011-09-08,4,26.462371,6.61559275,1.8258333333333332
2011-09-09,3,9.906827,3.3022756666666666,0.8860185185185184
2011-09-10,4,31.015196,7.753799,2.1596527777777776
2011-09-11,3,5.387015,1.7956716666666666,0.5362037037037037
2011-09-12,7,44.4707,6.352957142857143,2.0117857142857143
2011-09-13,5,56.274231,11.2548462,2.9684999999999997
2011-09-14,7,46.75102,6.678717142857143,1.906468253968254
2011-09-15,5,35.597274999999996,7.119454999999999,2.0409444444444444
2011-09-16,9,75.799888,8.422209777777777,2.5758024691358026
2011-09-17,7,45.14401,6.4491442857142856,2.055
2011-09-18,5,50.542905000000005,10.108581000000001,3.059555555555556
2011-09-19,6,55.585713,9.2642855,2.680324074074074
2011-09-20,10,58.640983,5.8640983,1.805027777777778
2011-09-21,6,48.773034,8.128839000000001,2.487361111111111
2011-09-22,5,38.400697,7.6801394,2.262
2011-09-23,7,52.068764,7.438394857142858,2.208769841269841
2011-09-24,3,27.976119,9.325373,2.625
2011-09-25,6,33.712429,5.618738166666667,1.8762962962962961
2011-09-26,9,44.458009000000004,4.939778777777779,1.5286728395061728
2011-09-27,8,52.44897,6.55612125,1.8410416666666667
2011-09-28,5,24.073164000000002,4.8146328,1.488888888888889
2011-09-29,10,77.062723,7.7062723,2.3538055555555557
2011-09-30,9,76.562374,8.506930444444444,2.5767283950617283
2011-10-01,5,22.440181000000003,4.488036200000001,1.4631666666666665
2011-10-02,3,18.220463,6.073487666666666,1.7170370370370371
2011-10-03,7,22.906943,3.2724204285714285,1.2520238095238094
2011-10-04,8,59.599223,7.449902875,2.2522569444444445
2011-10-05,9,49.724813,5.524979222222222,1.639320987654321
2011-10-06,12,93.107464,7.758955333333333,2.2692129629629627
2011-10-07,9,64.145386,7.127265111111111,2.061512345679012
2011-10-08,6,34.519695,5.7532825,1.8447685185185183
2011-10-09,3,19.11414,6.371379999999999,1.575
2011-10-10,8,58.417859,7.302232375,2.115486111111111
2011-10-11,10,66.886469,6.6886469,1.9118333333333333
2011-10-12,8,69.481502,8.68518775,2.4774652777777777
2011-10-13,10,77.562957,7.7562957,2.2640000000000002
2011-10-14,9,49.206097,5.467344111111111,1.6195987654320987
2011-10-15,7,31.219986,4.459998,1.4209126984126983
2011-10-16,4,34.648392,8.662098,2.4952083333333333
2011-10-17,11,77.190123,7.017283909090909,2.200580808080808
2011-10-18,15,73.308149,4.887209933333334,1.456962962962963
2011-10-19,16,110.600631,6.9125394375,1.976232638888889
2011-10-20,13,71.90711,5.531316153846154,1.6079700854700856
2011-10-21,16,108.055058,6.753441125,1.9165277777777778
2011-10-22,12,60.440956,5.036746333333333,1.3489814814814816
2011-10-23,6,41.912224,6.985370666666667,1.7796296296296295
2011-10-24,8,67.704711,8.463088875,2.240034722222222
2011-10-25,17,94.483733,5.557866647058823,1.613611111111111
2011-10-26,11,87.837995,7.985272272727273,2.243737373737374
2011-10-27,11,79.493547,7.226686090909092,1.8838131313131314
2011-10-28,18,123.046871,6.835937277777777,1.9588734567901236
2011-10-29,6,43.800598,7.300099666666667,2.169074074074074
2011-10-30,8,65.40899399999999,8.176124249999999,2.287361111111111
2011-10-31,8,58.228258000000004,7.2785322500000005,1.9947569444444444
2011-11-01,12,75.866325,6.32219375,2.0126157407407406
2011-11-02,9,66.608418,7.400935333333333,2.2327777777777778
2011-11-03,12,80.49811299999999,6.708176083333332,2.0062962962962962
2011-11-04,12,86.18066,7.181721666666667,2.2113657407407405
2011-11-05,10,60.52292,6.052292,1.828361111111111
2011-11-06,15,85.777578,5.7185052,1.7679074074074073
2011-11-07,8,41.872324,5.2340405,1.5640972222222222
2011-11-08,12,81.863707,6.821975583333334,1.9964583333333332
2011-11-09,18,113.874673,6.326370722222222,2.051604938271605
2011-11-10,18,99.025899,5.501438833333333,1.5454320987654322
2011-11-11,14,84.110275,6.007876785714286,1.9530555555555555
2011-11-12,11,77.37048300000001,7.033680272727273,1.8470202020202018
2011-11-13,6,50.566663,8.427777166666667,2.4696296296296296
2011-11-14,10,58.622748,5.8622748,1.8443055555555556
2011-11-15,7,52.949233,7.564176142857143,2.3155555555555556
2011-11-16,9,71.569911,7.952212333333334,2.41287037037037
2011-11-17,8,67.158665,8.394833125,2.4093055555555556
2011-11-18,13,100.362364,7.720181846153846,2.2383333333333337
2011-11-19,8,67.553165,8.444145625,2.7206597222222224
2011-11-20,10,83.340723,8.334072299999999,2.41325
2011-11-21,12,108.01265099999999,9.00105425,2.538263888888889
2011-11-22,6,43.068416,7.178069333333333,2.095925925925926
2011-11-23,11,53.587868,4.871624363636363,1.4998737373737372
2011-11-24,2,10.816218000000001,5.4081090000000005,1.9284722222222224
2011-11-25,6,46.024115,7.670685833333334,2.0568055555555556
2011-11-26,9,43.924004,4.8804448888888885,1.3518518518518519
2011-11-27,4,29.53291,7.3832275,1.9318055555555556
2011-11-28,9,57.626414,6.402934888888889,1.9509876543209874
2011-11-29,12,65.387441,5.448953416666666,1.626412037037037
2011-11-30,18,121.058601,6.725477833333333,1.86375
2011-12-01,15,95.337481,6.355832066666666,1.8873703703703704
2011-12-02,20,118.611565,5.93057825,1.9626666666666666
2011-12-03,7,52.178285,7.454040714285715,2.073611111111111
2011-12-04,6,34.848711,5.8081185,1.7679629629629627
2011-12-05,15,89.96430000000001,5.99762,1.8788333333333334
2011-12-06,17,127.84627,7.520368823529412,2.279019607843137
2011-12-07,14,90.145879,6.438991357142856,1.9099206349206348
2011-12-08,12,89.512968,7.459414,2.346064814814815
2011-12-09,16,124.457185,7.7785740625,2.2260416666666667
2011-12-10,8,36.013939,4.501742375,1.5277083333333334
2011-12-11,8,61.765948,7.7207435,2.309409722222222
2011-12-12,14,102.341085,7.3100775,2.1929960317460315
2011-12-13,19,132.937237,6.9966966842105265,2.252119883040936
2011-12-14,15,128.102101,8.540140066666668,2.8004444444444445
2011-12-15,16,117.324732,7.33279575,2.5451562500000002
2011-12-16,11,70.21552199999999,6.383229272727272,1.9991666666666668
2011-12-17,11,59.101754,5.372886727272728,1.7022979797979796
2011-12-18,4,32.900341,8.22508525,2.5680555555555555
2011-12-19,10,75.266269,7.526626899999999,2.244472222222222
2011-12-20,16,88.402035,5.5251271875,1.7535243055555556
2011-12-21,13,73.712254,5.670173384615385,1.7543803418803419
2011-12-22,15,71.451711,4.7634474,1.3611111111111112
2011-12-23,11,67.06917,6.097197272727272,1.728939393939394
2011-12-24,6,34.616338,5.769389666666666,1.7891666666666666
2011-12-25,2,15.12862,7.56431,2.643194444444444
2011-12-26,8,40.62177,5.07772125,1.5074305555555556
2011-12-27,9,39.720321,4.413368999999999,1.3041358024691359
2011-12-28,5,33.319207,6.6638414,1.9675555555555555
2011-12-29,7,47.871462,6.838780285714286,1.8086507936507936
2011-12-30,11,63.354324,5.759484,1.7141666666666666
2011-12-31,4,18.983775,4.74594375,1.4993055555555554
2012-01-01,4,29.644646,7.4111615,2.364861111111111
2012-01-02,6,38.376109,6.396018166666667,1.8356018518518518
2012-01-03,10,64.955812,6.495581199999999,1.8667777777777779
2012-01-04,11,80.040841,7.276440090909091,2.212828282828283
2012-01-05,13,57.893707,4.453362076923077,1.2726923076923076
2012-01-06,16,108.145126,6.759070375,2.0159375
2012-01-07,8,44.239161,5.529895125,1.6755555555555557
2012-01-08,3,15.33857,5.112856666666667,1.485277777777778
2012-01-09,8,59.699929999999995,7.462491249999999,2.1797569444444447
2012-01-10,10,52.900631000000004,5.2900631,1.5779999999999998
2012-01-11,12,83.945799,6.9954832499999995,2.082708333333333
2012-01-12,9,52.044442000000004,5.782715777777778,1.687530864197531
2012-01-13,15,101.736991,6.782466066666667,2.08462962962963
2012-01-14,10,102.12743999999999,10.212743999999999,2.9398333333333335
2012-01-15,6,33.785959,5.630993166666666,1.8081944444444444
2012-01-16,10,70.39361199999999,7.039361199999999,2.163777777777778
2012-01-17,11,84.437111,7.676101,2.3439393939393938
2012-01-18,15,100.527205,6.701813666666666,2.072111111111111
2012-01-19,13,82.857992,6.373691692307692,1.9458547008547007
2012-01-20,15,86.048142,5.7365428,1.7734814814814814
2012-01-21,11,72.507875,6.591625,1.9907070707070709
2012-01-22,5,34.607821,6.921564200000001,2.0672222222222225
2012-01-23,14,77.171896,5.512278285714286,1.8058333333333334
2012-01-24,11,73.841396,6.712854181818182,2.0507828282828284
2012-01-25,10,80.830811,8.0830811,2.480472222222222
2012-01-26,18,93.896191,5.2164550555555556,2.088348765432099
2012-01-27,16,102.974858,6.435928625,1.9568576388888888
2012-01-28,6,37.829085,6.3048475,1.9087037037037036
2012-01-29,3,18.030642999999998,6.010214333333333,1.9480555555555554
2012-01-30,8,39.311166,4.91389575,1.5551388888888888
2012-01-31,13,88.683924,6.821840307692308,2.013333333333333
2012-02-01,11,73.802336,6.709303272727272,1.9827525252525253
2012-02-02,15,103.630162,6.908677466666666,1.965537037037037
2012-02-03,11,71.195691,6.472335545454545,1.9657323232323234
2012-02-04,7,67.023871,9.574838714285715,2.103015873015873
2012-02-05,4,38.729113,9.68227825,2.968472222222222
2012-02-06,11,71.00371,6.454882727272727,1.9309090909090911
2012-02-07,14,81.618871,5.829919357142857,1.8116666666666668
2012-02-08,14,116.802285,8.343020357142857,2.1625
2012-02-09,17,81.247023,4.7792366470588235,1.4212418300653595
2012-02-10,17,101.610097,5.977064529411765,1.6963235294117647
2012-02-11,12,56.717648,4.726470666666667,1.4624074074074074
2012-02-12,9,43.731195,4.859021666666667,1.4133641975308642
2012-02-13,11,75.449992,6.859090181818181,2.095555555555556
2012-02-14,14,82.786731,5.913337928571429,1.7444246031746033
2012-02-15,21,147.595855,7.028374047619048,2.011547619047619
2012-02-16,12,70.937241,5.91143675,1.6732638888888889
2012-02-17,15,79.954193,5.330279533333334,1.5780185185185185
2012-02-18,9,47.430724,5.270080444444444,1.5282098765432097
2012-02-19,7,49.464964,7.0664234285714285,2.1632142857142855
2012-02-20,8,54.026789,6.753348625,2.171111111111111
2012-02-21,7,56.045781,8.006540142857142,2.3414285714285716
2012-02-22,9,77.168927,8.574325222222221,2.482253086419753
2012-02-23,20,110.25322700000001,5.51266135,1.5987222222222222
2012-02-24,18,115.686245,6.427013611111111,1.9444598765432097
2012-02-25,12,51.183455,4.265287916666667,1.426111111111111
2012-02-26,7,51.35608,7.336582857142857,2.159126984126984
2012-02-27,15,104.682379,6.978825266666666,2.1006666666666667
2012-02-28,16,110.495458,6.905966125,1.9812152777777778
2012-02-29,12,104.77753799999999,8.7314615,2.703912037037037
2012-03-01,20,117.924973,5.8962486499999995,1.7198055555555556
2012-03-02,16,114.898195,7.1811371875,2.086145833333333
2012-03-03,11,72.211152,6.564650181818181,2.0376010101010102
2012-03-04,9,35.053188,3.8947986666666665,1.258641975308642
2012-03-05,15,116.054896,7.736993066666667,2.3724444444444446
2012-03-06,20,157.700199,7.88500995,2.198583333333333
2012-03-07,10,101.83928499999999,10.183928499999999,2.6508055555555554
2012-03-08,24,123.708983,5.1545409583333335,1.5851851851851853
2012-03-09,19,110.520006,5.816842421052631,1.8572368421052632
2012-03-10,15,89.070555,5.938037,1.6528888888888889
2012-03-11,8,58.752174000000004,7.3440217500000005,2.2832291666666666
2012-03-12,23,142.014888,6.1745603478260875,1.6585748792270534
2012-03-13,17,115.21777200000001,6.777516,2.1232516339869285
2012-03-14,20,114.741331,5.73706655,1.9006944444444442
2012-03-15,23,154.877393,6.733799695652174,2.0503019323671494
2012-03-16,22,151.878026,6.903546636363637,2.237550505050505
2012-03-17,11,71.729418,6.520856181818181,1.9744191919191918
2012-03-18,8,27.214,3.40175,0.9857291666666667
2012-03-19,20,150.155314,7.5077657,2.3325555555555555
2012-03-20,18,132.148604,7.341589111111111,2.265864197530864
2012-03-21,21,139.077521,6.622739095238095,2.177037037037037
2012-03-22,16,93.40361899999999,5.8377261874999995,1.7512847222222223
2012-03-23,18,149.451807,8.302878166666666,2.488070987654321
2012-03-24,11,89.635099,8.148645363636364,2.191212121212121
2012-03-25,9,62.11563700000001,6.9017374444444455,2.3861419753086417
2012-03-26,21,155.312393,7.395828238095238,2.51271164021164
2012-03-27,22,150.831888,6.855994909090909,2.116893939393939
2012-03-28,19,157.95401900000002,8.313369421052633,2.671023391812865
2012-03-29,13,66.37828,5.106021538461539,1.6429059829059829
2012-03-30,21,154.366437,7.350782714285714,2.2264814814814815
2012-03-31,17,98.18338,5.775492941176471,1.7554901960784315
2012-04-01,9,37.00532,4.111702222222222,1.277469135802469
2012-04-02,16,151.270468,9.45440425,2.883211805555556
2012-04-03,23,145.349415,6.319539782608695,2.0362922705314013
2012-04-04,18,158.356123,8.797562388888888,2.494969135802469
2012-04-05,17,127.898305,7.523429705882353,2.246748366013072
2012-04-06,16,108.885405,6.8053378125,2.165017361111111
2012-04-07,14,99.660539,7.118609928571429,2.1900793650793653
2012-04-08,14,90.890444,6.4921745714285715,1.9859920634920634
2012-04-09,20,132.265372,6.6132686000000005,2.1952083333333334
2012-04-10,17,108.669982,6.3923518823529415,1.9879411764705883
2012-04-11,13,87.302598,6.7155844615384614,2.283205128205128
2012-04-12,15,109.858221,7.3238814,2.1991851851851854
2012-04-13,21,175.213893,8.343518714285715,2.34728835978836
2012-04-14,21,95.758549,4.559930904761905,1.4084656084656084
2012-04-15,9,83.253841,9.250426777777777,2.9112037037037037
2012-04-16,20,163.495764,8.1747882,2.7713888888888887
2012-04-17,19,149.485932,7.8676806315789465,2.300906432748538
2012-04-18,22,144.807204,6.582145636363637,2.3315277777777776
2012-04-19,18,111.84206400000001,6.2134480000000005,1.8653086419753084
2012-04-20,18,113.901897,6.327883166666667,2.0414197530864198
2012-04-21,16,124.124302,7.757768875,2.1430555555555557
2012-04-22,8,62.321754999999996,7.7902193749999995,2.1139236111111113
2012-04-23,19,140.09408,7.373372631578947,2.3710087719298243
2012-04-24,24,148.916851,6.204868791666667,2.0094907407407407
2012-04-25,20,135.961787,6.79808935,2.472888888888889
2012-04-26,26,196.748029,7.567231884615385,2.3362286324786323
2012-04-27,25,134.341868,5.37367472,1.7525666666666666
2012-04-28,13,104.103098,8.007930615384616,2.420683760683761
2012-04-29,11,59.512254,5.410204909090909,1.763661616161616
2012-04-30,24,135.868148,5.661172833333333,2.1125810185185183
2012-05-01,19,144.772293,7.619594368421052,2.3820029239766085
2012-05-02,21,118.21893899999999,5.629473285714285,2.0746428571428575
2012-05-03,27,159.695046,5.914631333333333,2.162829218106996
2012-05-04,23,164.765274,7.163707565217392,2.3159299516908214
2012-05-05,11,68.565686,6.233244181818182,1.9522727272727272
2012-05-06,12,68.988774,5.7490645,2.1456944444444446
2012-05-07,21,123.706176,5.890770285714286,1.9900529100529103
2012-05-08,24,188.877282,7.86988675,2.487465277777778
2012-05-09,22,181.649684,8.256803818181819,3.036161616161616
2012-05-10,20,136.271917,6.8135958500000005,2.487041666666667
2012-05-11,25,133.550145,5.342005799999999,1.9164333333333334
2012-05-12,19,73.43560000000001,3.865031578947369,1.3228654970760234
2012-05-13,9,37.257719,4.139746555555556,1.3640123456790123
2012-05-14,29,197.605675,6.813988793103448,2.2592337164750957
2012-05-15,26,132.120628,5.081562615384616,1.7224358974358973
2012-05-16,23,145.066678,6.307246869565217,2.1721739130434785
2012-05-17,20,118.625852,5.9312926,2.1339444444444444
2012-05-18,20,123.89574999999999,6.1947874999999994,2.2486249999999997
2012-05-19,11,57.079746,5.189067818181818,1.9745454545454544
2012-05-20,5,19.713255,3.942651,1.5916666666666668
2012-05-21,16,121.669376,7.604336,2.7422222222222223
2012-05-22,22,138.140726,6.2791239090909095,2.1728282828282826
2012-05-23,21,140.29488899999998,6.680708999999999,1.9825925925925925
2012-05-24,24,165.726784,6.905282666666667,2.0675347222222222
2012-05-25,16,157.980914,9.873807125,2.781232638888889
2012-05-26,13,66.722216,5.132478153846154,1.5581623931623931
2012-05-27,9,53.524846000000004,5.947205111111112,1.5144753086419753
2012-05-28,15,74.156543,4.943769533333334,1.3497962962962964
2012-05-29,19,153.801917,8.094837736842106,2.5158479532163742
2012-05-30,28,155.439142,5.551397928571428,1.7436904761904761
2012-05-31,26,198.565051,7.637117346153847,2.241217948717949
2012-06-01,25,165.24651,6.6098604,1.8199
2012-06-02,16,74.054592,4.628412,1.4816840277777779
2012-06-03,15,93.817627,6.254508466666667,1.886
2012-06-04,20,170.61243,8.530621499999999,2.727430555555556
2012-06-05,20,140.853229,7.04266145,2.0910555555555552
2012-06-06,23,192.367958,8.363824260869565,2.4370652173913046
2012-06-07,23,192.415483,8.365890565217391,2.60981884057971
2012-06-08,24,143.909341,5.9962225416666675,1.7963657407407407
2012-06-09,17,59.053734,3.4737490588235294,1.194281045751634
2012-06-10,12,73.593,6.132750000000001,1.823287037037037
2012-06-11,20,163.36535800000001,8.1682679,2.5174583333333334
2012-06-12,20,149.112842,7.4556421,2.222194444444445
2012-06-13,21,118.403193,5.638247285714286,1.958769841269841
2012-06-14,22,127.395023,5.790682863636364,1.811641414141414
2012-06-15,22,169.909343,7.723151954545455,2.442108585858586
2012-06-16,15,123.818646,8.2545764,2.506148148148148
2012-06-17,14,79.625684,5.687548857142858,1.9970833333333335
2012-06-18,16,114.633981,7.1646238125,2.260989583333333
2012-06-19,21,173.97105299999998,8.284335857142857,2.366203703703704
2012-06-20,25,127.431191,5.09724764,1.5316555555555555
2012-06-21,23,146.344783,6.362816652173914,2.089589371980676
2012-06-22,18,74.521382,4.140076777777778,1.4762037037037037
2012-06-23,17,75.817692,4.459864235294117,1.2358496732026143
2012-06-24,7,27.987235000000002,3.998176428571429,1.0869047619047618
2012-06-25,20,155.630086,7.7815043,2.405777777777778
2012-06-26,22,148.313156,6.74150709090909,2.0481565656565657
2012-06-27,22,139.887795,6.358536136363637,2.053712121212121
2012-06-28,22,158.418355,7.200834318181818,2.35635101010101
2012-06-29,16,156.296953,9.7685595625,2.834079861111111
2012-06-30,18,90.649454,5.036080777777778,1.5078395061728396
2012-07-01,16,74.092044,4.63075275,1.1774652777777777
2012-07-02,16,93.658149,5.8536343125,1.8225
2012-07-03,17,116.002232,6.823660705882354,2.164640522875817
2012-07-04,10,67.433526,6.7433526,1.9069166666666668
2012-07-05,20,128.863429,6.4431714499999995,2.099013888888889
2012-07-06,19,133.70718300000001,7.037220157894738,2.4626023391812866
2012-07-07,17,75.906781,4.465104764705882,1.3609477124183005
2012-07-08,12,73.47148,6.122623333333333,1.7861805555555554
2012-07-09,22,147.461374,6.7027897272727275,1.9674999999999998
2012-07-10,21,133.210711,6.343367190476191,1.9316931216931217
2012-07-11,17,146.166178,8.598010470588235,2.5456862745098037
2012-07-12,21,143.311806,6.824371714285713,2.25989417989418
2012-07-13,22,149.833545,6.810615681818181,2.3077020202020204
2012-07-14,23,157.110412,6.83088747826087,1.9816666666666667
2012-07-15,8,59.042498,7.38031225,2.2985416666666665
2012-07-16,19,153.195237,8.062907210526316,2.424269005847953
2012-07-17,18,160.961411,8.942300611111111,2.6865740740740742
2012-07-18,20,144.773678,7.2386839,2.1219166666666665
2012-07-19,25,191.280249,7.65120996,2.6559222222222223
2012-07-20,21,159.78035,7.608588095238095,2.7351719576719575
2012-07-21,15,76.864155,5.124277,1.6567777777777777
2012-07-22,11,82.658184,7.514380363636364,2.223207070707071
2012-07-23,18,131.684065,7.315781388888889,2.322932098765432
2012-07-24,22,183.068584,8.321299272727272,2.5997222222222223
2012-07-25,17,104.53586899999999,6.149168764705882,1.9572549019607843
2012-07-26,13,84.779433,6.521494846153846,2.1422222222222222
2012-07-27,18,150.055029,8.3363905,2.908503086419753
2012-07-28,9,40.601383,4.511264777777778,1.1703395061728397
2012-07-29,7,63.114196,9.016313714285713,2.4703174603174602
2012-07-30,22,129.460703,5.884577409090909,1.9325631313131313
2012-07-31,23,134.196518,5.834631217391304,1.8268115942028984
2012-08-01,21,181.90560399999998,8.662171619047617,2.383994708994709
2012-08-02,20,162.305823,8.115291150000001,2.600138888888889
2012-08-03,17,131.632565,7.743092058823529,2.219885620915033
2012-08-04,11,49.026102,4.456918363636364,1.5929040404040402
2012-08-05,11,53.60481,4.873164545454546,1.670909090909091
2012-08-06,19,139.335994,7.3334733684210525,2.489108187134503
2012-08-07,17,120.960949,7.11534994117647,2.0318300653594767
2012-08-08,20,145.491389,7.2745694499999995,2.6151666666666666
2012-08-09,14,107.1666,7.654757142857143,2.4146428571428573
2012-08-10,27,163.611729,6.059693666666667,1.897664609053498
2012-08-11,15,68.383259,4.558883933333333,1.3930925925925925
2012-08-12,12,51.97159,4.330965833333333,1.1972685185185183
2012-08-13,23,172.093093,7.482308391304349,2.131485507246377
2012-08-14,20,152.648604,7.6324302,2.275638888888889
2012-08-15,20,153.96356,7.698178,2.2182083333333336
2012-08-16,23,150.40627800000001,6.539403391304348,2.092850241545894
2012-08-17,20,107.24736,5.362368,1.7305555555555556
2012-08-18,21,111.387709,5.304176619047619,1.594298941798942
2012-08-19,7,34.599773,4.942824714285714,1.6011111111111112
2012-08-20,22,163.920922,7.450951,2.48084595959596
2012-08-21,25,186.765143,7.47060572,2.4162333333333335
2012-08-22,21,135.769875,6.465232142857143,2.1824867724867723
2012-08-23,22,143.835877,6.53799440909091,2.010972222222222
2012-08-24,13,114.000673,8.769282538461539,2.661431623931624
2012-08-25,13,118.256917,9.096685923076922,2.2110042735042734
2012-08-26,7,34.582769,4.940395571428572,1.4707936507936508
2012-08-27,21,177.094424,8.43306780952381,3.21978835978836
2012-08-28,19,108.241943,5.696944368421053,1.920248538011696
2012-08-29,23,147.734236,6.423227652173914,2.059613526570048
2012-08-30,28,155.509985,5.553928035714286,1.9062896825396825
2012-08-31,24,132.466483,5.519436791666667,1.8971875
2012-09-01,17,100.436292,5.9080171764705876,1.704967320261438
2012-09-02,12,61.547455,5.128954583333333,1.536064814814815
2012-09-03,9,43.345345,4.816149444444445,1.558827160493827
2012-09-04,20,131.577056,6.5788528,2.4030694444444447
2012-09-05,25,160.644889,6.42579556,2.0717222222222222
2012-09-06,26,142.786801,5.491800038461538,1.8541239316239315
2012-09-07,25,138.39885900000002,5.535954360000001,1.9605666666666668
2012-09-08,14,77.245935,5.517566785714286,1.797638888888889
2012-09-09,18,72.987795,4.0548775,1.3902006172839507
2012-09-10,22,156.34284,7.106492727272727,2.4252904040404037
2012-09-11,22,156.449637,7.111347136363636,2.4820075757575757
2012-09-12,19,133.41238,7.021704210526316,2.285643274853801
2012-09-13,21,157.655064,7.507384,2.5487698412698414
2012-09-14,26,150.389426,5.784208692307692,2.024775641025641
2012-09-15,22,81.895215,3.7225097727272725,1.2688636363636363
2012-09-16,12,66.269931,5.52249425,1.822337962962963
2012-09-17,17,126.04473,7.414395882352942,2.7646732026143788
2012-09-18,26,202.641161,7.793890807692308,2.3693162393162392
2012-09-19,23,152.586988,6.634216869565217,2.194842995169082
2012-09-20,23,175.412454,7.626628434782608,2.284130434782609
2012-09-21,27,160.37305,5.939742592592593,1.8317489711934156
2012-09-22,18,82.891356,4.605075333333334,1.618533950617284
2012-09-23,16,109.963048,6.8726905,2.2084027777777777
2012-09-24,21,165.302471,7.871546238095238,2.5205291005291004
2012-09-25,25,168.95594,6.7582376,2.4373
2012-09-26,25,145.768836,5.83075344,2.1802555555555556
2012-09-27,25,122.560016,4.90240064,1.7766888888888888
2012-09-28,30,179.109832,5.970327733333334,1.9415925925925925
2012-09-29,22,91.08155500000001,4.140070681818182,1.3269318181818182
2012-09-30,13,93.406431,7.185110076923077,2.246324786324786
2012-10-01,20,147.846254,7.3923127,2.7539305555555553
2012-10-02,26,155.155945,5.967536346153846,2.134273504273504
2012-10-03,27,154.177227,5.710267666666666,2.0525102880658435
2012-10-04,27,146.089449,5.410720333333334,1.8276748971193415
2012-10-05,31,208.378295,6.721880483870968,2.3459498207885305
2012-10-06,16,76.105935,4.7566209375,1.6533333333333333
2012-10-07,9,42.502891999999996,4.722543555555555,1.2028395061728396
2012-10-08,15,95.886086,6.392405733333334,2.3300555555555555
2012-10-09,25,169.642754,6.78571016,2.165088888888889
2012-10-10,21,134.951078,6.426241809523809,2.8233465608465607
2012-10-11,16,121.306256,7.581641,2.8930902777777776
2012-10-12,19,108.873842,5.730202210526316,2.3642397660818713
2012-10-13,19,109.694414,5.7733902105263155,1.761812865497076
2012-10-14,10,42.804133,4.2804133,1.4624722222222222
2012-10-15,22,120.976675,5.498939772727272,1.6211363636363636
2012-10-16,20,107.634444,5.3817222000000005,2.1985416666666664
2012-10-17,17,113.280862,6.663580117647059,2.500343137254902
2012-10-18,20,98.406943,4.92034715,2.126763888888889
2012-10-19,18,103.26673,5.737040555555556,2.4364351851851853
2012-10-20,17,108.904861,6.406168294117647,2.2539869281045752
2012-10-21,9,43.355202,4.817244666666666,1.6319753086419755
2012-10-22,20,124.52337299999999,6.22616865,2.194361111111111
2012-10-23,19,128.307179,6.7530094210526315,2.48843567251462
2012-10-24,25,193.710773,7.74843092,2.232677777777778
2012-10-25,22,109.899637,4.995438045454545,2.076199494949495
2012-10-26,32,182.836651,5.71364534375,2.285095486111111
2012-10-27,21,108.488091,5.166099571428571,2.2025925925925924
2012-10-28,18,95.523734,5.306874111111111,1.7168672839506174
2012-10-29,26,165.585851,6.368686576923077,2.3702884615384616
2012-10-30,22,138.144178,6.279280818181818,2.365972222222222
2012-10-31,18,122.779531,6.821085055555556,2.274151234567901
2012-11-01,29,184.626173,6.366419758620689,2.2504597701149427
2012-11-02,37,204.47097,5.526242432432432,2.0451126126126127
2012-11-03,23,137.527921,5.979474826086956,1.5357367149758456
2012-11-04,12,48.912115,4.076009583333334,1.408773148148148
2012-11-05,29,196.724844,6.783615310344827,2.471015325670498
2012-11-06,22,145.052005,6.593272954545455,2.490580808080808
2012-11-07,35,211.243662,6.0355332,2.248904761904762
2012-11-08,32,168.47177299999998,5.2647429062499995,1.8543836805555556
2012-11-09,29,188.82692,6.511273103448276,2.1272988505747126
2012-11-10,19,134.703236,7.089644,1.9555116959064325
2012-11-11,14,87.051048,6.217931999999999,2.035416666666667
2012-11-12,24,167.765735,6.990238958333333,2.3264467592592593
2012-11-13,21,142.262743,6.774416333333333,2.0965079365079364
2012-11-14,23,154.670388,6.72479947826087,2.1973671497584544
2012-11-15,28,218.571533,7.806126178571428,2.5929761904761905
2012-11-16,29,238.751992,8.232827310344828,2.6719252873563217
2012-11-17,21,74.680509,3.5562147142857143,1.2252248677248676
2012-11-18,13,77.584816,5.9680627692307695,2.1047863247863248
2012-11-19,27,196.70409899999999,7.285336999999999,2.3192489711934154
2012-11-20,23,190.31299,8.274477826086956,3.082777777777778
2012-11-21,23,152.377154,6.625093652173913,2.2742149758454104
2012-11-22,3,29.436092000000002,9.812030666666667,2.915925925925926
2012-11-23,25,115.389021,4.61556084,1.354477777777778
2012-11-24,11,66.08785,6.0079863636363635,1.7994444444444446
2012-11-25,10,58.01965,5.801965,1.7634166666666666
2012-11-26,25,210.358247,8.41432988,2.9806444444444447
2012-11-27,22,143.354354,6.516107,2.069292929292929
2012-11-28,18,112.645675,6.258093055555555,2.161327160493827
2012-11-29,20,139.002974,6.9501487,2.6694166666666668
2012-11-30,30,185.371263,6.1790421,1.9560277777777777
2012-12-01,26,134.867117,5.187196807692308,1.6155982905982904
2012-12-02,13,81.012201,6.23170776923077,1.8644871794871796
2012-12-03,23,202.417359,8.800754739130435,2.7804589371980675
2012-12-04,29,198.046639,6.829194448275862,2.4048275862068964
2012-12-05,24,176.588035,7.357834791666666,2.1177662037037037
2012-12-06,23,142.775952,6.207650086956521,2.1170289855072464
2012-12-07,24,176.473227,7.353051125,2.4796643518518517
2012-12-08,25,133.910265,5.3564106,1.543111111111111
2012-12-09,14,42.736906,3.0526361428571427,1.084861111111111
2012-12-10,25,162.533065,6.5013226,2.301711111111111
2012-12-11,27,172.156337,6.37616062962963,2.37488683127572
2012-12-12,27,179.458764,6.646620888888889,2.1924588477366256
2012-12-13,28,195.465706,6.9809180714285715,2.569751984126984
2012-12-14,26,178.104063,6.850156269230769,2.7291559829059833
2012-12-15,28,192.80719299999998,6.885971178571428,2.005188492063492
2012-12-16,16,80.273735,5.0171084375,1.7717534722222221
2012-12-17,29,194.659118,6.712383379310345,2.501637931034483
2012-12-18,26,228.525835,8.789455192307692,3.0349786324786328
2012-12-19,23,146.008397,6.348191173913044,2.425410628019324
2012-12-20,30,165.210401,5.5070133666666665,2.284342592592593
2012-12-21,25,179.670791,7.18683164,2.5399777777777777
2012-12-22,15,86.150773,5.743384866666667,1.671
2012-12-23,15,61.051985,4.0701323333333335,1.315462962962963
2012-12-24,17,109.158175,6.4210691176470585,1.8038562091503267
2012-12-25,3,3.575593,1.1918643333333334,0.4071296296296296
2012-12-26,20,114.704825,5.73524125,1.926625
2012-12-27,18,124.86618899999999,6.9370104999999995,2.2579783950617287
2012-12-28,19,110.806498,5.831920947368421,2.0335964912280704
2012-12-29,19,107.969452,5.682602736842106,1.7085233918128653
2012-12-30,13,134.84854,10.372964615384616,2.350042735042735
2012-12-31,20,94.08130799999999,4.704065399999999,1.6537083333333336
2013-01-01,9,62.853607000000004,6.9837341111111115,1.8917592592592594
2013-01-02,21,218.191697,10.390080809523809,2.786494708994709
2013-01-03,26,235.324691,9.050949653846153,2.488888888888889
2013-01-04,29,184.052098,6.346624068965517,2.0548275862068968
2013-01-05,21,90.913749,4.329226142857142,1.487962962962963
2013-01-06,17,112.736695,6.631570294117647,1.821143790849673
2013-01-07,31,255.836049,8.252775774193548,2.319041218637993
2013-01-08,25,149.44324,5.9777296,2.2084333333333332
2013-01-09,27,190.823608,7.067541037037038,2.413847736625515
2013-01-10,20,177.167238,8.8583619,2.820666666666667
2013-01-11,31,223.00955,7.193856451612903,2.321451612903226
2013-01-12,26,137.126309,5.274088807692308,1.7354273504273505
2013-01-13,24,194.452864,8.102202666666667,2.123148148148148
2013-01-14,28,218.040623,7.787165107142857,3.0126984126984127
2013-01-15,20,141.071089,7.05355445,2.4166944444444445
2013-01-16,32,230.627227,7.20710084375,2.6454947916666667
2013-01-17,22,186.987934,8.499451545454546,2.7647222222222223
2013-01-18,30,166.42549,5.547516333333333,2.1951759259259256
2013-01-19,26,96.867307,3.725665653846154,1.5569123931623932
2013-01-20,20,100.649492,5.0324746,1.6408888888888888
2013-01-21,23,150.909456,6.561280695652174,2.098659420289855
2013-01-22,27,184.971653,6.850801962962963,2.2714814814814814
2013-01-23,30,248.982617,8.299420566666667,2.554185185185185
2013-01-24,28,171.73225,6.133294642857143,2.1634821428571427
2013-01-25,35,211.516137,6.0433182,1.9195396825396824
2013-01-26,25,187.630237,7.5052094799999995,2.0737222222222225
2013-01-27,18,116.083266,6.449070333333333,1.852824074074074
2013-01-28,31,233.177649,7.521859645161291,2.5051881720430105
2013-01-29,27,188.458475,6.979943518518518,2.402222222222222
2013-01-30,26,188.20731,7.238742692307692,2.5382905982905983
2013-01-31,30,192.887739,6.4295913,2.0950555555555557
2013-02-01,27,260.776956,9.658405777777777,2.8327469135802468
2013-02-02,25,106.512329,4.260493159999999,1.3590333333333333
2013-02-03,14,56.14931300000001,4.010665214285715,1.2943849206349205
2013-02-04,30,224.289903,7.4763301,2.4102222222222225
2013-02-05,26,213.924467,8.227864115384616,2.441752136752137
2013-02-06,31,233.00321300000002,7.516232677419356,2.724740143369176
2013-02-07,25,193.69277499999998,7.747710999999999,2.4943555555555554
2013-02-08,29,203.927004,7.031965655172415,2.2666187739463606
2013-02-09,26,141.642553,5.4477905,1.8169658119658119
2013-02-10,18,148.794562,8.266364555555556,2.1197222222222223
2013-02-11,34,241.279261,7.096448852941176,2.123872549019608
2013-02-12,30,186.87889,6.229296333333334,2.0424814814814813
2013-02-13,25,194.620173,7.784806919999999,2.519066666666667
2013-02-14,32,167.217875,5.22555859375,1.8548003472222223
2013-02-15,29,214.454806,7.3949933103448275,2.2631704980842913
2013-02-16,21,97.031526,4.6205488571428575,1.4728571428571429
2013-02-17,16,81.825723,5.1141076875,1.7096701388888889
2013-02-18,19,127.666365,6.7192823684210525,1.7176754385964912
2013-02-19,27,166.770394,6.17668125925926,2.1036625514403293
2013-02-20,33,258.98564700000003,7.84804990909091,2.4433417508417508
2013-02-21,26,226.881937,8.726228346153846,2.557457264957265
2013-02-22,30,202.60857299999998,6.753619099999999,2.1179722222222224
2013-02-23,24,103.226062,4.301085916666667,1.420138888888889
2013-02-24,16,134.350537,8.3969085625,2.184375
2013-02-25,28,184.108637,6.575308464285714,2.2170535714285715
2013-02-26,32,215.947492,6.748359125,2.23296875
2013-02-27,31,223.090764,7.196476258064516,2.555654121863799
2013-02-28,35,223.407635,6.383075285714286,2.0391190476190477
2013-03-01,35,194.16683700000002,5.547623914285714,1.8092142857142859
2013-03-02,25,129.528199,5.18112796,1.4343000000000001
2013-03-03,12,78.054112,6.504509333333334,2.065902777777778
2013-03-04,33,203.771996,6.17490896969697,2.3123737373737376
2013-03-05,31,180.484799,5.822090290322581,2.3226344086021506
2013-03-06,36,255.888614,7.108017055555555,2.010192901234568
2013-03-07,24,169.223747,7.0509894583333335,2.245138888888889
2013-03-08,29,187.419382,6.462737310344828,2.0714655172413794
2013-03-09,27,116.212019,4.304148851851852,1.3413271604938273
2013-03-10,18,95.437499,5.302083277777778,1.4069135802469137
2013-03-11,27,277.06587,10.261698888888889,2.520679012345679
2013-03-12,28,166.155471,5.934123964285715,1.7140773809523808
2013-03-13,31,219.387264,7.077008516129032,1.8902867383512545
2013-03-14,32,190.99666100000002,5.9686456562500005,1.7150086805555556
2013-03-15,30,224.542793,7.4847597666666665,2.041259259259259
2013-03-16,24,132.859881,5.535828375,1.5097685185185183
2013-03-17,16,72.903053,4.5564408125,1.3114930555555555
2013-03-18,29,205.204716,7.076024689655172,2.0514367816091954
2013-03-19,31,180.317135,5.816681774193548,1.8576344086021506
2013-03-20,28,220.904856,7.889459142857143,2.114593253968254
2013-03-21,23,229.591501,9.982239173913044,2.485084541062802
2013-03-22,25,255.10554199999999,10.20422168,2.518666666666667
2013-03-23,26,123.250748,4.740413384615385,1.4348504273504274
2013-03-24,19,159.718385,8.406230789473685,1.797105263157895
2013-03-25,19,195.421628,10.285348842105263,2.4478947368421053
2013-03-26,23,159.922574,6.953155391304348,2.1878140096618357
2013-03-27,29,239.435283,8.256389068965516,2.3767145593869734
2013-03-28,34,274.961324,8.087097764705883,2.237312091503268
2013-03-29,38,242.195,6.3735526315789475,1.925482456140351
2013-03-30,22,130.271073,5.921412409090909,1.4683712121212122
2013-03-31,15,90.731937,6.0487958,1.5250185185185186
2013-04-01,28,229.982113,8.213646892857144,2.225902777777778
2013-04-02,35,221.701717,6.334334771428572,1.836063492063492
2013-04-03,32,187.226947,5.85084209375,1.7389149305555556
2013-04-04,31,198.704042,6.409807806451613,1.78581541218638
2013-04-05,32,183.014354,5.7191985625,1.7681336805555556
2013-04-06,25,147.575151,5.90300604,1.4365555555555556
2013-04-07,16,64.976562,4.061035125,1.2171875
2013-04-08,29,247.979215,8.551007413793103,2.3261877394636015
2013-04-09,28,220.561911,7.877211107142857,2.077876984126984
2013-04-10,32,223.92619,6.9976934375,2.050998263888889
2013-04-11,26,225.16481299999998,8.660185115384614,2.121292735042735
2013-04-12,30,230.032592,7.667753066666666,2.1391851851851853
2013-04-13,23,137.643116,5.984483304347826,1.7186956521739132
2013-04-14,18,105.21519,5.845288333333333,1.4506172839506173
2013-04-15,25,186.32316600000001,7.45292664,2.1348777777777777
2013-04-16,29,259.7202,8.95586896551724,2.3359578544061304
2013-04-17,26,185.655048,7.140578769230769,2.179903846153846
2013-04-18,30,229.529583,7.6509861,2.045
2013-04-19,31,258.230971,8.330031322580645,2.1741756272401433
2013-04-20,19,114.35415900000001,6.018639947368421,1.309122807017544
2013-04-21,23,129.59792,5.634692173913043,1.2847101449275362
2013-04-22,28,245.97265199999998,8.78473757142857,2.1339186507936505
2013-04-23,25,214.58415,8.583366,2.2754444444444446
2013-04-24,29,197.830397,6.821737827586207,2.0239463601532566
2013-04-25,26,220.26564,8.471755384615385,2.2458226495726494
2013-04-26,28,255.16321,9.112971785714285,2.2156448412698415
2013-04-27,25,185.901237,7.43604948,1.8678666666666666
2013-04-28,22,160.185645,7.281165681818181,1.7750631313131313
2013-04-29,36,266.780981,7.410582805555555,1.9779938271604938
2013-04-30,26,201.987794,7.768761307692308,2.1991666666666667
2013-05-01,30,234.880833,7.8293611,2.0264814814814813
2013-05-02,32,220.837414,6.9011691875,1.8487760416666665
2013-05-03,26,225.74653899999998,8.682559192307691,2.341666666666667
2013-05-04,30,159.307307,5.310243566666667,1.3863333333333334
2013-05-05,14,98.33358899999999,7.023827785714285,1.860674603174603
2013-05-06,34,295.880412,8.70236505882353,2.1583088235294117
2013-05-07,30,185.728591,6.190953033333333,1.6009166666666668
2013-05-08,34,236.122241,6.9447717941176474,1.9794934640522877
2013-05-09,29,215.777753,7.440612172413792,1.7914942528735631
2013-05-10,30,190.314697,6.3438232333333335,1.8927314814814815
2013-05-11,31,202.656609,6.537309967741936,1.5588799283154122
2013-05-12,27,226.67616099999998,8.39541337037037,1.9830864197530866
2013-05-13,38,237.568085,6.251791710526316,1.871747076023392
2013-05-14,32,208.053401,6.50166878125,1.9398350694444444
2013-05-15,33,196.076167,5.941702030303031,2.0706565656565656
2013-05-16,28,192.873257,6.888330607142857,1.8578968253968253
2013-05-17,25,184.140218,7.36560872,1.9211111111111112
2013-05-18,31,171.520236,5.532910838709678,1.5964336917562725
2013-05-19,23,203.773267,8.859707260869566,2.0130917874396137
2013-05-20,30,270.861001,9.028700033333333,2.0758888888888887
2013-05-21,32,249.530205,7.79781890625,1.9581597222222222
2013-05-22,36,247.299683,6.869435638888889,1.8351080246913578
2013-05-23,27,180.777283,6.695454925925926,1.97369341563786
2013-05-24,26,211.864701,8.148642346153846,2.2198931623931624
2013-05-25,36,253.123717,7.031214361111111,1.7728163580246914
2013-05-26,19,119.888117,6.309900894736842,1.5444152046783626
2013-05-27,20,154.226098,7.7113049,1.7805
2013-05-28,30,213.462106,7.115403533333334,2.101324074074074
2013-05-29,36,178.606717,4.961297694444444,1.468526234567901
2013-05-30,31,218.328416,7.0428521290322585,1.9975806451612905
2013-05-31,30,267.2082,8.906939999999999,2.1866388888888886
2013-06-01,29,134.479936,4.637239172413794,1.3841954022988505
2013-06-02,18,148.123458,8.229081,1.9748611111111112
2013-06-03,33,223.775746,6.781083212121212,1.9438383838383837
2013-06-04,38,278.216358,7.321483105263158,1.9823830409356726
2013-06-05,34,262.827737,7.73022755882353,1.983700980392157
2013-06-06,33,236.374197,7.162854454545455,1.9294781144781146
2013-06-07,33,248.867032,7.5414252121212115,2.0649158249158246
2013-06-08,24,162.533623,6.772234291666667,1.5584259259259259
2013-06-09,20,151.68252999999999,7.584126499999999,2.0011805555555555
2013-06-10,33,209.667553,6.353562212121212,2.088181818181818
2013-06-11,36,210.067888,5.835219111111112,1.730408950617284
2013-06-12,41,224.994617,5.487673585365854,1.5242073170731707
2013-06-13,32,240.542754,7.5169610625,2.062282986111111
2013-06-14,33,200.123504,6.064348606060606,1.569604377104377
2013-06-15,26,183.197206,7.0460463846153845,1.8271901709401708
2013-06-16,19,211.349502,11.123658,2.3259941520467837
2013-06-17,39,221.511877,5.679791717948718,1.5459544159544159
2013-06-18,40,249.864092,6.2466023,1.9725347222222223
2013-06-19,26,222.908658,8.573409923076923,2.4080662393162395
2013-06-20,31,205.400522,6.625823290322581,1.8926433691756273
2013-06-21,27,182.356213,6.753933814814815,1.9247633744855965
2013-06-22,29,141.189625,4.86860775862069,1.401484674329502
2013-06-23,17,120.603316,7.094312705882353,1.7219117647058824
2013-06-24,34,292.320378,8.597658176470588,2.1466339869281046
2013-06-25,36,257.553086,7.154252388888889,1.8814429012345681
2013-06-26,33,188.809394,5.721496787878788,1.6794444444444445
2013-06-27,34,212.256172,6.242828588235294,1.6449754901960785
2013-06-28,32,231.258108,7.226815875,1.9580381944444445
2013-06-29,27,182.904007,6.774222481481481,1.7919135802469137
2013-06-30,24,184.270373,7.677932208333334,1.7814814814814817
2013-07-01,28,225.290558,8.046091357142858,2.14
2013-07-02,33,288.454161,8.741035181818182,2.3323316498316498
2013-07-03,26,204.300456,7.857709846153846,2.184017094017094
2013-07-04,11,72.02876,6.548069090909092,1.827929292929293
2013-07-05,23,169.80799,7.382956086956521,1.9476932367149757
2013-07-06,21,120.013692,5.714937714285715,1.659047619047619
2013-07-07,19,148.720246,7.827381368421053,1.7848976608187137
2013-07-08,29,163.353963,5.632895275862069,1.723074712643678
2013-07-09,33,243.555901,7.380481848484848,2.010294612794613
2013-07-10,25,201.576704,8.06306816,2.2835888888888887
2013-07-11,31,230.778881,7.444480032258065,1.9480376344086021
2013-07-12,32,283.901832,8.87193225,2.1514409722222223
2013-07-13,37,185.246674,5.006666864864865,1.380900900900901
2013-07-14,25,206.53986799999998,8.26159472,1.7823888888888888
2013-07-15,29,178.11046,6.1417399999999995,2.109712643678161
2013-07-16,35,232.007546,6.628787028571428,2.0429285714285714
2013-07-17,33,272.637812,8.261751878787878,2.2221127946127943
2013-07-18,36,236.457699,6.568269416666666,1.9865046296296296
2013-07-19,28,246.382653,8.799380464285715,2.4729960317460318
2013-07-20,34,223.61617,6.576946176470589,1.5099509803921567
2013-07-21,33,249.979121,7.575124878787879,1.7142929292929292
2013-07-22,27,206.354009,7.642741074074074,2.3269032921810697
2013-07-23,29,170.880232,5.892421793103448,1.6779310344827587
2013-07-24,28,220.316337,7.868440607142857,1.9074900793650793
2013-07-25,31,212.242334,6.846526903225806,1.9847222222222223
2013-07-26,30,215.971921,7.199064033333333,2.3690648148148146
2013-07-27,28,166.549834,5.948208357142858,1.660436507936508
2013-07-28,19,166.36759800000002,8.756189368421053,1.9693421052631581
2013-07-29,32,191.542929,5.98571653125,1.7335069444444444
2013-07-30,33,237.548804,7.198448606060606,1.865151515151515
2013-07-31,39,257.401692,6.600043384615385,1.7163176638176638
2013-08-01,32,235.021387,7.34441834375,2.1019184027777778
2013-08-02,37,206.295003,5.575540621621622,1.8153603603603605
2013-08-03,26,179.071864,6.887379384615385,1.6767735042735044
2013-08-04,15,103.845212,6.923014133333334,1.682925925925926
2013-08-05,32,235.299107,7.35309709375,2.1005989583333333
2013-08-06,36,249.064989,6.918471916666666,1.8880092592592592
2013-08-07,37,233.342675,6.306558783783784,1.76243993993994
2013-08-08,30,178.145275,5.938175833333333,1.9352777777777779
2013-08-09,31,185.889998,5.996451548387096,1.8027598566308243
2013-08-10,25,160.56027,6.4224108,2.0043555555555552
2013-08-11,21,142.168516,6.769929333333334,1.7046031746031747
2013-08-12,27,277.036713,10.260619,2.6634156378600826
2013-08-13,29,174.990755,6.034163965517242,1.9293199233716476
2013-08-14,32,211.751995,6.61724984375,1.9260069444444445
2013-08-15,33,259.926328,7.876555393939395,1.9372811447811447
2013-08-16,31,230.19436100000001,7.4256245483870975,2.132562724014337
2013-08-17,21,195.393751,9.304464333333334,2.0038888888888886
2013-08-18,26,250.33693300000002,9.628343576923077,2.0997435897435897
2013-08-19,26,229.90853,8.84263576923077,2.5397115384615385
2013-08-20,25,197.821311,7.91285244,2.2803
2013-08-21,31,232.489512,7.499661677419355,1.8671505376344086
2013-08-22,28,304.321567,10.868627392857144,2.3909325396825394
2013-08-23,30,188.343658,6.278121933333334,1.874074074074074
2013-08-24,24,172.743416,7.1976423333333335,1.760625
2013-08-25,19,138.972501,7.314342157894736,1.6732602339181288
2013-08-26,26,184.73058600000002,7.105022538461539,2.0275
2013-08-27,28,186.920831,6.675743964285714,1.958045634920635
2013-08-28,31,192.338941,6.204481967741936,1.7865501792114695
2013-08-29,30,201.441274,6.714709133333333,2.0995648148148147
2013-08-30,24,227.609387,9.483724458333333,2.59068287037037
2013-08-31,20,124.996906,6.2498453,1.7304305555555555
2013-09-01,26,215.938738,8.305336076923076,1.775854700854701
2013-09-02,15,163.167154,10.877810266666668,2.9397407407407408
2013-09-03,30,217.044984,7.2348328,2.066712962962963
2013-09-04,26,189.392694,7.284334384615385,2.4713461538461536
2013-09-05,29,225.942557,7.791122655172414,2.483352490421456
2013-09-06,28,208.593021,7.44975075,2.1512103174603174
2013-09-07,23,159.409003,6.930826217391305,1.996292270531401
2013-09-08,25,155.727345,6.2290938,1.6290666666666667
2013-09-09,33,248.855973,7.541090090909091,2.168594276094276
2013-09-10,33,204.145442,6.1862255151515155,1.90010101010101
2013-09-11,29,288.190471,9.937602448275863,2.433333333333333
2013-09-12,31,226.463743,7.305282032258065,2.0288440860215053
2013-09-13,33,191.043361,5.789192757575758,1.7074410774410775
2013-09-14,26,165.02993,6.347305,1.5669551282051282
2013-09-15,17,155.889976,9.169998588235293,2.053137254901961
2013-09-16,27,197.064973,7.298702703703704,2.1599588477366254
2013-09-17,25,199.000337,7.96001348,2.361422222222222
2013-09-18,27,183.383789,6.791992185185186,2.063353909465021
2013-09-19,28,220.979292,7.892117571428571,2.340119047619048
2013-09-20,33,276.782956,8.387362303030303,2.6444191919191917
2013-09-21,20,148.945578,7.447278900000001,1.9076805555555556
2013-09-22,24,229.578494,9.565770583333334,2.0786689814814814
2013-09-23,27,188.835089,6.993892185185185,2.0762654320987655
2013-09-24,30,193.002289,6.433409633333333,1.8366944444444444
2013-09-25,27,171.402889,6.348255148148148,1.8345267489711934
2013-09-26,21,163.935374,7.806446380952381,2.063399470899471
2013-09-27,23,248.737349,10.814667347826086,2.6070410628019327
2013-09-28,21,119.015711,5.66741480952381,1.4628439153439154
2013-09-29,19,83.672026,4.403790842105264,1.15656432748538
2013-09-30,25,213.79774700000002,8.55190988,2.5831444444444447
2013-10-01,26,190.897871,7.342225807692308,2.2826282051282054
2013-10-02,23,195.220826,8.487862,2.266207729468599
2013-10-03,33,219.127692,6.640233090909091,2.004436026936027
2013-10-04,34,174.11667,5.121078529411765,1.6254330065359477
2013-10-05,23,151.139995,6.571304130434783,1.6806400966183574
2013-10-06,22,150.318659,6.832666318181818,1.697260101010101
2013-10-07,33,285.342002,8.646727333333333,2.3302609427609426
2013-10-08,31,182.686787,5.893122161290323,1.9220430107526882
2013-10-09,34,228.026754,6.706669235294118,2.1415686274509804
2013-10-10,32,278.157241,8.69241378125,2.2202690972222223
2013-10-11,29,194.669197,6.712730931034483,1.9154501915708813
2013-10-12,23,228.77676200000002,9.946815739130436,2.2228864734299516
2013-10-13,21,158.860181,7.564770523809524,1.7979629629629632
2013-10-14,27,176.090969,6.521887740740741,2.1487448559670783
2013-10-15,33,259.237637,7.85568596969697,2.2039730639730637
2013-10-16,27,224.373542,8.310131185185185,2.2044958847736624
2013-10-17,34,204.857774,6.025228647058824,1.91718954248366
2013-10-18,36,251.136671,6.976018638888889,2.070601851851852
2013-10-19,20,116.444208,5.8222104,1.7723749999999998
2013-10-20,19,171.68059,9.035820526315788,2.0525584795321636
2013-10-21,25,222.676501,8.90706004,2.3961
2013-10-22,30,322.771804,10.759060133333332,2.804351851851852
2013-10-23,31,223.120318,7.197429612903226,2.145833333333333
2013-10-24,25,188.957682,7.55830728,1.9979444444444445
2013-10-25,38,266.674511,7.0177502894736845,1.8356286549707603
2013-10-26,30,200.724671,6.690822366666667,1.860111111111111
2013-10-27,17,145.544893,8.561464294117647,2.0147875816993466
2013-10-28,30,192.956092,6.4318697333333334,2.049166666666667
2013-10-29,29,225.66783,7.781649310344828,2.178917624521073
2013-10-30,31,287.812412,9.28427135483871,2.4899551971326166
2013-10-31,29,224.224946,7.731894689655172,2.2323946360153255
2013-11-01,44,238.657117,5.4240253863636365,1.570852272727273
2013-11-02,24,178.556844,7.4398685,1.6743171296296298
2013-11-03,19,126.677334,6.667228105263158,1.4685233918128655
2013-11-04,26,209.335936,8.051382153846154,2.3595726495726494
2013-11-05,32,227.590161,7.11219253125,2.1598611111111112
2013-11-06,35,208.578916,5.9593976,1.7648253968253969
2013-11-07,27,202.266439,7.491349592592592,2.1217489711934157
2013-11-08,36,244.643564,6.795654555555555,2.0466435185185183
2013-11-09,30,192.223207,6.407440233333333,1.578814814814815
2013-11-10,24,197.56772,8.231988333333334,1.8346180555555556
2013-11-11,30,211.50116,7.050038666666667,2.088361111111111
2013-11-12,35,251.986299,7.199608542857143,2.1404365079365077
2013-11-13,22,199.815659,9.082529954545455,2.463661616161616
2013-11-14,31,208.958141,6.740585193548387,1.7928584229390683
2013-11-15,33,256.04978900000003,7.759084515151516,2.0136868686868685
2013-11-16,24,173.72057,7.238357083333334,1.9960763888888888
2013-11-17,19,120.81209799999999,6.35853147368421,1.8542690058479532
2013-11-18,30,229.96469,7.665489666666667,2.199
2013-11-19,33,228.844467,6.9346808181818185,1.9094107744107744
2013-11-20,29,171.281173,5.906247344827586,1.685354406130268
2013-11-21,29,182.947294,6.308527379310345,1.9276340996168582
2013-11-22,32,229.769656,7.18030175,1.8946180555555556
2013-11-23,29,155.446382,5.360220068965517,1.3808141762452109
2013-11-24,20,103.77044000000001,5.188522000000001,1.421111111111111
2013-11-25,29,199.169248,6.867905103448276,1.9558812260536398
2013-11-26,33,226.892961,6.875544272727273,2.047912457912458
2013-11-27,31,211.265669,6.815021580645161,1.8151344086021504
2013-11-28,4,17.180997,4.29524925,1.0575694444444443
2013-11-29,20,107.582989,5.37914945,1.458736111111111
2013-11-30,21,124.16884300000001,5.912802047619048,1.4267460317460317
2013-12-01,17,151.118624,8.889330823529413,1.961928104575163
2013-12-02,30,235.687187,7.856239566666667,2.623037037037037
2013-12-03,26,234.142794,9.005492076923078,2.4826709401709404
2013-12-04,36,260.740872,7.242802000000001,2.044753086419753
2013-12-05,38,242.211853,6.373996131578947,1.8605263157894738
2013-12-06,33,218.37854099999998,6.617531545454545,2.243838383838384
2013-12-07,27,175.802667,6.51120988888889,1.7016460905349793
2013-12-08,21,168.297855,8.014183571428571,2.236931216931217
2013-12-09,39,257.194818,6.594738923076923,2.015940170940171
2013-12-10,28,277.413183,9.907613678571428,2.892410714285714
2013-12-11,39,260.673605,6.68393858974359,2.1751139601139604
2013-12-12,36,277.677955,7.7132765277777775,2.291990740740741
2013-12-13,39,287.098102,7.361489794871795,2.2506552706552707
2013-12-14,23,186.538661,8.110376565217392,1.764975845410628
2013-12-15,23,141.71396099999998,6.161476565217391,1.6568478260869566
2013-12-16,32,249.89400799999999,7.8091877499999995,2.6696874999999998
2013-12-17,31,237.937288,7.675396387096774,2.5075179211469534
2013-12-18,31,244.0497,7.872570967741935,2.464426523297491
2013-12-19,35,330.249653,9.435704371428573,2.6540079365079365
2013-12-20,33,241.300345,7.312131666666667,2.2050084175084175
2013-12-21,28,177.365874,6.3344955,1.4005456349206349
2013-12-22,22,177.797175,8.081689772727273,1.8016540404040404
2013-12-23,24,156.484476,6.5201865,1.8533217592592592
2013-12-24,28,193.63141,6.9154075,1.800892857142857
2013-12-25,8,62.60892,7.826115,1.8389930555555556
2013-12-26,24,139.696319,5.820679958333333,1.6828009259259258
2013-12-27,29,204.50521,7.051903793103448,1.9043295019157087
2013-12-28,14,94.611715,6.757979642857143,1.6105158730158728
2013-12-29,18,124.94564,6.941424444444444,1.548827160493827
2013-12-30,34,196.014567,5.765134323529412,1.7630718954248366
2013-12-31,27,184.776767,6.843583962962963,1.924537037037037
2014-01-01,17,84.165064,4.950886117647059,1.2487091503267975
2014-01-02,39,265.689628,6.812554564102565,2.0723504273504276
2014-01-03,27,263.368428,9.754386222222221,2.60130658436214
2014-01-04,27,156.023867,5.77866174074074,1.5512757201646092
2014-01-05,25,208.550408,8.34201632,1.9735
2014-01-06,32,252.837399,7.90116871875,2.5802604166666665
2014-01-07,32,285.21021,8.9128190625,2.4756163194444443
2014-01-08,34,212.256875,6.242849264705883,1.8904166666666669
2014-01-09,40,237.149405,5.928735125,1.89725
2014-01-10,37,249.05626900000001,6.731250513513514,1.9854954954954955
2014-01-11,28,190.290649,6.796094607142857,1.6056150793650794
2014-01-12,20,199.971117,9.998555849999999,2.0809583333333332
2014-01-13,30,219.271221,7.3090407,2.3939074074074074
2014-01-14,35,269.017586,7.686216742857143,2.214261904761905
2014-01-15,31,246.214392,7.942399741935484,2.1230555555555557
2014-01-16,31,221.212605,7.135890483870968,2.5014247311827957
2014-01-17,33,194.484066,5.893456545454546,1.6783670033670035
2014-01-18,24,137.990099,5.749587458333333,1.4963541666666667
2014-01-19,19,137.760264,7.250540210526316,1.6969883040935672
2014-01-20,26,209.049561,8.040367730769232,2.6311431623931627
2014-01-21,33,212.506293,6.439584636363636,1.9715909090909092
2014-01-22,33,220.599502,6.684833393939394,2.0572643097643097
2014-01-23,32,221.596245,6.92488265625,2.002517361111111
2014-01-24,34,218.59587,6.429290294117647,2.0477042483660135
2014-01-25,28,191.387335,6.835261964285714,1.6798015873015875
2014-01-26,24,123.47984,5.144993333333333,1.2315625000000001
2014-01-27,29,230.15569,7.936403103448276,2.407145593869732
2014-01-28,36,324.197994,9.005499833333333,2.7385185185185184
2014-01-29,28,191.769873,6.848924035714285,2.3366964285714285
2014-01-30,33,212.501866,6.439450484848485,2.070597643097643
2014-01-31,36,242.74398300000001,6.742888416666667,1.9864969135802468
2014-02-01,23,219.384965,9.538476739130434,2.3231763285024156
2014-02-02,18,127.547603,7.085977944444444,1.643395061728395
2014-02-03,33,244.967084,7.423244969696969,2.2781481481481483
2014-02-04,35,335.918235,9.597663857142857,2.721190476190476
2014-02-05,36,247.372671,6.871463083333333,1.98491512345679
2014-02-06,35,241.275429,6.893583685714286,2.072357142857143
2014-02-07,34,242.57843,7.134659705882353,2.203080065359477
2014-02-08,25,146.498096,5.85992384,1.5033555555555553
2014-02-09,15,131.538471,8.769231399999999,2.093425925925926
2014-02-10,29,246.550556,8.501743310344828,2.480507662835249
2014-02-11,27,220.098417,8.151793222222222,2.687849794238683
2014-02-12,38,306.269616,8.059726736842105,2.3347880116959066
2014-02-13,31,160.153495,5.166241774193548,1.9568189964157705
2014-02-14,33,224.316147,6.797459,1.7111700336700335
2014-02-15,23,161.726452,7.031584869565217,1.6491545893719808
2014-02-16,18,121.791662,6.766203444444445,1.6564351851851853
2014-02-17,22,173.104418,7.868382636363637,2.133510101010101
2014-02-18,31,207.695017,6.699839258064516,2.1190591397849463
2014-02-19,33,281.410979,8.527605424242424,2.393956228956229
2014-02-20,29,242.080943,8.34761872413793,2.3658524904214557
2014-02-21,27,181.255331,6.713160407407408,2.1146399176954733
2014-02-22,29,187.617265,6.469560862068966,1.558611111111111
2014-02-23,24,176.774505,7.365604375,1.761712962962963
2014-02-24,27,235.077701,8.706581518518519,2.460051440329218
2014-02-25,34,239.638062,7.048178294117647,2.1705065359477125
2014-02-26,34,202.342793,5.951258617647059,1.7800816993464053
2014-02-27,38,203.270465,5.349222763157894,1.7010380116959065
2014-02-28,32,314.86483799999996,9.839526187499999,2.448003472222222
2014-03-01,23,184.04811,8.002091739130435,2.006135265700483
2014-03-02,17,136.068079,8.004004647058824,2.0081535947712417
2014-03-03,29,212.392334,7.323873586206897,2.0716858237547893
2014-03-04,27,143.354777,5.309436185185185,1.7055658436213992
2014-03-05,25,174.80491,6.9921964,1.9280111111111111
2014-03-06,25,142.929337,5.7171734800000005,1.720088888888889
2014-03-07,20,143.052597,7.152629849999999,2.0423472222222223
2014-03-08,19,135.566896,7.135099789473685,1.71343567251462
2014-03-09,20,137.06784,6.8533919999999995,1.550875
2014-03-10,22,141.791907,6.445086681818182,2.1394823232323232
2014-03-11,35,197.647663,5.647076085714286,1.665563492063492
2014-03-12,38,296.375151,7.7993460789473685,2.0165862573099416
2014-03-13,34,187.972904,5.528614823529412,1.5734558823529412
2014-03-14,44,217.747627,4.948809704545455,1.5211679292929292
2014-03-15,24,218.58899300000002,9.107874708333334,2.057847222222222
2014-03-16,22,135.99211599999998,6.181459818181818,1.535063131313131
2014-03-17,32,206.238354,6.4449485625,2.0543836805555555
2014-03-18,40,266.962721,6.6740680249999995,1.8941875
2014-03-19,35,244.176486,6.976471028571429,2.5001984126984125
2014-03-20,33,229.226926,6.946270484848484,2.0993939393939396
2014-03-21,30,235.109248,7.836974933333334,2.2501944444444444
2014-03-22,32,243.16224499999998,7.5988201562499995,1.6519618055555556
2014-03-23,23,183.529134,7.979527565217391,1.686340579710145
2014-03-24,30,220.541082,7.351369399999999,2.1473055555555556
2014-03-25,30,168.24578,5.608192666666667,1.6581481481481481
2014-03-26,31,248.78268500000001,8.025247903225807,2.3843279569892473
2014-03-27,30,226.330312,7.544343733333333,2.199564814814815
2014-03-28,26,202.874213,7.802854346153846,2.2572970085470088
2014-03-29,17,149.275603,8.78091782352941,1.9867647058823528
2014-03-30,19,143.785935,7.567680789473684,1.8885087719298246
2014-03-31,26,259.936623,9.997562423076923,2.7741880341880343
2014-04-01,35,242.882764,6.939507542857143,1.9307222222222225
2014-04-02,39,288.934669,7.408581256410256,2.129465811965812
2014-04-03,34,224.298649,6.597019088235294,2.1925816993464053
2014-04-04,32,225.119992,7.03499975,2.061423611111111
2014-04-05,24,141.748984,5.906207666666667,1.572465277777778
2014-04-06,15,104.714757,6.980983800000001,1.6284814814814816
2014-04-07,32,224.927721,7.02899128125,2.221996527777778
2014-04-08,32,202.40114599999998,6.3250358124999995,2.2663802083333335
2014-04-09,35,273.852883,7.824368085714286,2.2902222222222224
2014-04-10,35,211.888399,6.053954257142857,1.9914285714285715
2014-04-11,35,236.199675,6.748562142857144,2.0141825396825395
2014-04-12,28,149.68088600000002,5.3457459285714295,1.2319444444444445
2014-04-13,14,122.89063,8.777902142857142,1.977876984126984
2014-04-14,32,247.385568,7.730799,2.358359375
2014-04-15,38,278.851788,7.338204947368421,2.622441520467836
2014-04-16,32,189.725107,5.92890959375,1.9916666666666667
2014-04-17,41,287.478849,7.01167924390244,2.1651151761517617
2014-04-18,25,246.10153,9.8440612,2.602033333333333
2014-04-19,29,259.81239800000003,8.959048206896552,2.081254789272031
2014-04-20,17,130.730026,7.690001529411766,1.9853594771241831
2014-04-21,32,206.438145,6.45119203125,2.0942100694444443
2014-04-22,26,184.535242,7.097509307692308,2.204455128205128
2014-04-23,28,193.781464,6.9207665714285715,2.3080555555555553
2014-04-24,33,217.916494,6.603530121212121,2.3139983164983167
2014-04-25,25,219.761497,8.79045988,2.3022
2014-04-26,24,213.722753,8.905114708333334,1.836678240740741
2014-04-27,20,188.367763,9.41838815,2.3527916666666666
2014-04-28,22,189.189929,8.599542227272728,2.6676136363636362
2014-04-29,30,205.285056,6.8428352,1.9885555555555556
2014-04-30,31,256.31079900000003,8.268090290322581,2.2193189964157702
2014-05-01,40,233.157634,5.82894085,1.7666180555555555
2014-05-02,36,218.795531,6.077653638888889,1.670925925925926
2014-05-03,28,167.312103,5.97543225,1.6713492063492066
2014-05-04,27,149.332966,5.530850592592593,1.3988374485596708
2014-05-05,32,243.218835,7.60058859375,2.0010503472222223
2014-05-06,35,241.83078,6.909450857142858,2.0073809523809527
2014-05-07,23,181.313903,7.8832131739130435,2.3752173913043477
2014-05-08,31,228.302146,7.3645853548387095,2.1938978494623655
2014-05-09,33,271.737908,8.23448206060606,2.1861026936026935
2014-05-10,26,174.843791,6.724761192307692,1.8748076923076922
2014-05-11,22,176.369758,8.016807181818182,1.6306060606060606
2014-05-12,32,199.068695,6.22089671875,1.8214756944444443
2014-05-13,31,192.74149599999998,6.217467612903225,1.9171863799283155
2014-05-14,30,265.093469,8.836448966666667,2.4972870370370375
2014-05-15,27,190.523797,7.056436925925926,2.1758230452674896
2014-05-16,32,182.200028,5.693750875,1.6619791666666666
2014-05-17,29,148.92216100000002,5.135246931034484,1.166206896551724
2014-05-18,20,153.440935,7.67204675,1.6156944444444445
2014-05-19,35,210.363165,6.010376142857143,1.898706349206349
2014-05-20,31,204.925294,6.61049335483871,1.9945250896057347
2014-05-21,35,222.419373,6.354839228571429,1.9873492063492064
2014-05-22,30,264.654158,8.821805266666667,2.442833333333333
2014-05-23,30,189.683933,6.322797766666667,1.9382407407407407
2014-05-24,29,148.458955,5.119274310344828,1.3554310344827585
2014-05-25,19,159.604457,8.400234578947368,1.8341374269005848
2014-05-26,19,152.80985,8.042623684210527,1.855263157894737
2014-05-27,27,160.473379,5.943458481481481,1.8801954732510286
2014-05-28,31,249.579344,8.050946580645162,2.0573297491039426
2014-05-29,33,230.148082,6.974184303030302,1.9410016835016837
2014-05-30,27,170.35967,6.309617407407408,1.947633744855967
2014-05-31,25,170.194034,6.80776136,1.5314888888888887
2014-06-01,21,173.79348199999998,8.275880095238094,1.9812037037037038
2014-06-02,29,212.625563,7.331915965517242,2.1714367816091955
2014-06-03,37,205.88094,5.56434972972973,1.7825375375375374
2014-06-04,36,281.646675,7.823518750000001,2.1488040123456793
2014-06-05,34,286.393133,8.42332744117647,2.3931699346405226
2014-06-06,31,212.398516,6.851565032258065,1.995716845878136
2014-06-07,23,229.143446,9.962758521739131,2.1009178743961354
2014-06-08,26,166.16519799999998,6.390969153846153,1.3967948717948717
2014-06-09,29,198.456663,6.843333206896552,2.054214559386973
2014-06-10,30,217.068046,7.235601533333334,1.9678425925925926
2014-06-11,34,355.705194,10.461917470588235,2.6672712418300653
2014-06-12,31,238.673896,7.699157935483871,2.107069892473118
2014-06-13,35,285.36264,8.153218285714285,2.0992142857142855
2014-06-14,32,246.732221,7.71038190625,1.8576388888888888
2014-06-15,20,114.690155,5.734507750000001,1.6619166666666665
2014-06-16,30,269.959966,8.998665533333334,2.5680555555555555
2014-06-17,33,243.95399700000002,7.392545363636364,2.140732323232323
2014-06-18,37,210.58705,5.691541891891892,1.755292792792793
2014-06-19,39,305.465448,7.832447384615384,1.998034188034188
2014-06-20,33,206.730125,6.264549242424242,1.9857491582491582
2014-06-21,29,213.731255,7.370043275862069,1.7130842911877393
2014-06-22,21,202.448776,9.640417904761906,2.296904761904762
2014-06-23,31,220.966049,7.127937064516129,2.2394444444444446
2014-06-24,33,232.033516,7.0313186666666665,2.1827356902356905
2014-06-25,41,296.82926,7.239738048780487,2.0472967479674797
2014-06-26,37,219.936357,5.9442258648648645,1.9341741741741743
2014-06-27,34,218.104238,6.414830529411765,2.1098202614379082
2014-06-28,21,230.742592,10.987742476190476,2.537989417989418
2014-06-29,22,240.170717,10.916850772727273,2.5135227272727274
2014-06-30,29,210.891895,7.2721343103448275,2.231273946360153
2014-07-01,33,238.178481,7.217529727272727,2.3495791245791247
2014-07-02,36,243.755922,6.770997833333333,2.188942901234568
2014-07-03,38,254.165487,6.688565447368421,2.1549269005847953
2014-07-04,20,181.330383,9.066519150000001,2.1770138888888892
2014-07-05,23,174.087323,7.569014043478261,1.711388888888889
2014-07-06,19,163.494349,8.604965736842106,2.0158771929824564
2014-07-07,32,215.701089,6.74065903125,1.9956336805555555
2014-07-08,29,213.257574,7.353709448275862,2.159454022988506
2014-07-09,34,246.644968,7.2542637647058825,2.028921568627451
2014-07-10,34,335.765769,9.875463794117646,2.728823529411765
2014-07-11,30,230.097283,7.669909433333333,2.169638888888889
2014-07-12,28,155.024699,5.536596392857143,1.7497222222222224
2014-07-13,23,173.794064,7.556263652173913,2.3224516908212562
2014-07-14,32,244.739131,7.64809784375,2.264079861111111
2014-07-15,33,241.246874,7.310511333333333,2.12513468013468
2014-07-16,38,264.808709,6.968650236842106,1.8544736842105263
2014-07-17,31,256.163769,8.263347387096774,2.2398207885304657
2014-07-18,32,223.383634,6.9807385625,2.292621527777778
2014-07-19,31,184.777933,5.960578483870967,1.736326164874552
2014-07-20,22,234.117846,10.641720272727271,2.2674747474747474
2014-07-21,38,315.06028,8.29106,2.559970760233918
2014-07-22,39,244.724578,6.2749891794871795,1.9344230769230768
2014-07-23,35,263.801155,7.537175857142857,2.2137698412698414
2014-07-24,42,273.853491,6.5203212142857145,2.1476124338624336
2014-07-25,46,282.696132,6.145568086956521,1.7719142512077295
2014-07-26,32,251.790882,7.8684650625,2.0763194444444446
2014-07-27,19,189.167301,9.956173736842105,2.259122807017544
2014-07-28,31,305.940254,9.869040451612902,2.757508960573477
2014-07-29,34,222.705222,6.550153588235294,2.2423366013071897
2014-07-30,39,255.274708,6.545505333333334,2.262749287749288
2014-07-31,39,310.537675,7.962504487179487,2.3044444444444445
2014-08-01,33,281.926733,8.543234333333334,2.023249158249158
2014-08-02,29,257.332919,8.873548931034483,2.3138601532567047
2014-08-03,26,219.04708399999998,8.424887846153846,2.0016880341880343
2014-08-04,38,250.800756,6.6000198947368425,1.9565058479532165
2014-08-05,40,249.223514,6.23058785,1.8748124999999998
2014-08-06,34,267.972847,7.881554323529412,2.166315359477124
2014-08-07,43,283.76320499999997,6.5991443023255805,1.9147093023255812
2014-08-08,39,288.162957,7.3887937692307695,1.885883190883191
2014-08-09,29,286.756623,9.888159413793103,2.6441858237547895
2014-08-10,27,216.705321,8.026123,2.1953600823045267
2014-08-11,35,341.33817,9.752519142857142,2.5771825396825396
2014-08-12,34,298.230376,8.771481647058822,2.51718954248366
2014-08-13,39,291.188226,7.466364769230769,2.1149999999999998
2014-08-14,32,231.01012,7.21906625,2.237534722222222
2014-08-15,31,323.631118,10.439713483870968,2.59173835125448
2014-08-16,25,207.264739,8.290589559999999,2.1101
2014-08-17,21,230.205002,10.962142952380953,2.6565740740740744
2014-08-18,36,209.983229,5.8328674722222225,1.8920216049382717
2014-08-19,32,270.577139,8.45553559375,2.3393402777777776
2014-08-20,30,298.211833,9.940394433333333,2.448
2014-08-21,29,275.540688,9.501403034482758,2.501829501915709
2014-08-22,41,258.490446,6.304645024390244,1.7048915989159892
2014-08-23,27,215.79133,7.992271481481481,2.0171296296296295
2014-08-24,26,234.75310000000002,9.028965384615386,2.1791666666666667
2014-08-25,32,315.680584,9.86501825,2.609982638888889
2014-08-26,38,353.697919,9.30783997368421,2.7541374269005847
2014-08-27,34,270.917125,7.968150735294118,1.9968954248366013
2014-08-28,38,302.325046,7.955922263157895,2.247785087719298
2014-08-29,33,215.993229,6.545249363636364,1.9174158249158249
2014-08-30,25,160.977092,6.4390836799999995,1.5236555555555555
2014-08-31,17,162.399617,9.552918647058824,2.0547875816993466
2014-09-01,28,220.84698600000002,7.887392357142858,1.8594246031746031
2014-09-02,38,255.449234,6.722348263157895,2.088421052631579
2014-09-03,38,362.864177,9.549057289473684,2.6669371345029242
2014-09-04,43,358.881019,8.346070209302326,2.307422480620155
2014-09-05,41,343.322447,8.373718219512195,2.3697086720867206
2014-09-06,24,223.547049,9.314460375,2.092141203703704
2014-09-07,17,156.689625,9.217036764705883,2.5091666666666668
2014-09-08,42,360.377039,8.58040569047619,2.5594642857142857
2014-09-09,44,314.650012,7.151136636363637,2.1329166666666666
2014-09-10,37,275.176094,7.437191729729729,2.34509009009009
2014-09-11,43,329.040929,7.652114627906977,2.215794573643411
2014-09-12,38,260.884031,6.865369236842105,1.921345029239766
2014-09-13,32,259.161883,8.09880884375,2.036623263888889
2014-09-14,23,255.803471,11.121890043478261,2.3794444444444447
2014-09-15,33,255.282066,7.735820181818181,2.0875925925925927
2014-09-16,38,367.03883,9.65891657894737,2.3820102339181286
2014-09-17,32,269.47321999999997,8.421038124999999,2.1225520833333333
2014-09-18,35,245.88396,7.025256,2.0285238095238096
2014-09-19,40,271.442906,6.7860726499999995,2.1779930555555556
2014-09-20,36,182.520853,5.070023694444444,1.1873070987654322
2014-09-21,25,245.195046,9.80780184,2.443311111111111
2014-09-22,32,326.219248,10.1943515,2.7260243055555557
2014-09-23,38,360.580402,9.488957947368421,2.551030701754386
2014-09-24,47,305.191234,6.493430510638298,1.8799763593380614
2014-09-25,43,327.803358,7.623333906976744,2.128998708010336
2014-09-26,30,276.54498,9.218166,2.450398148148148
2014-09-27,39,237.315353,6.085009051282051,1.4277564102564102
2014-09-28,23,202.220655,8.792202391304347,2.1832971014492757
2014-09-29,37,317.451105,8.579759594594595,2.281096096096096
2014-09-30,40,393.973505,9.849337625,2.529631944444444
2014-10-01,37,295.436912,7.984781405405405,2.088551051051051
2014-10-02,40,338.962463,8.474061575,2.3230902777777778
2014-10-03,43,293.494233,6.825447279069768,2.0481847545219636
2014-10-04,44,313.882956,7.133703545454545,1.6340214646464646
2014-10-05,29,278.709612,9.610676275862069,2.129875478927203
2014-10-06,37,294.199371,7.951334351351351,2.0864564564564563
2014-10-07,41,297.011049,7.244171926829269,2.201050135501355
2014-10-08,31,228.429563,7.368695580645161,2.1121236559139787
2014-10-09,37,286.488074,7.7429209189189185,2.240660660660661
2014-10-10,36,266.572453,7.404790361111111,1.879591049382716
2014-10-11,32,219.425166,6.8570364375,1.5304947916666667
2014-10-12,30,295.876185,9.8625395,2.0297870370370372
2014-10-13,34,244.431345,7.189157205882353,1.980645424836601
2014-10-14,35,271.763263,7.764664657142857,2.1906984126984126
2014-10-15,35,241.138229,6.889663685714286,2.1060000000000003
2014-10-16,35,327.765971,9.364742028571428,2.7179126984126984
2014-10-17,43,336.014844,7.814298697674418,2.0385594315245474
2014-10-18,39,240.87735899999998,6.1763425384615385,1.6178703703703705
2014-10-19,25,246.725786,9.86903144,2.425488888888889
2014-10-20,38,263.512699,6.934544710526316,1.9821491228070176
2014-10-21,45,293.317698,6.518171066666667,1.793425925925926
2014-10-22,43,294.477717,6.848319,2.1308979328165374
2014-10-23,43,380.76014499999997,8.854887093023255,2.1282493540051677
2014-10-24,38,306.310821,8.060811078947367,2.4211769005847956
2014-10-25,31,177.199766,5.716121483870968,1.4767383512544803
2014-10-26,23,174.274527,7.577153347826087,1.827246376811594
2014-10-27,40,359.590866,8.98977165,2.4109791666666665
2014-10-28,42,298.64713,7.110645952380953,2.1339814814814813
2014-10-29,38,337.365408,8.878037052631578,2.3172733918128654
2014-10-30,40,311.052114,7.77630285,2.2717847222222223
2014-10-31,35,244.610656,6.988875885714286,1.8657936507936508
2014-11-01,27,183.011235,6.778193888888889,1.582746913580247
2014-11-02,39,306.379424,7.855882666666666,1.9260754985754984
2014-11-03,34,244.01866,7.177019411764706,2.086062091503268
2014-11-04,42,377.163334,8.98007938095238,2.360701058201058
2014-11-05,37,294.470643,7.958666027027027,2.1893393393393397
2014-11-06,43,305.80679399999997,7.111785906976744,2.0547093023255814
2014-11-07,37,228.299164,6.170247675675675,1.9938663663663665
2014-11-08,43,297.17722,6.911098139534883,1.6056589147286822
2014-11-09,31,205.499995,6.629032096774194,1.471272401433692
2014-11-10,37,257.815713,6.967992243243244,1.932027027027027
2014-11-11,38,233.30733800000002,6.139666789473685,1.7949488304093568
2014-11-12,41,440.86419,10.75278512195122,2.957838753387534
2014-11-13,37,253.89193799999998,6.8619442702702695,2.1101726726726726
2014-11-14,46,347.615585,7.556860543478261,2.052083333333333
2014-11-15,41,244.273304,5.957885463414634,1.351470189701897
2014-11-16,40,377.110143,9.427753575,1.8841597222222224
2014-11-17,43,361.353314,8.403565441860465,2.1541925064599483
2014-11-18,46,351.108119,7.632785195652174,1.9642089371980676
2014-11-19,38,278.072964,7.317709578947369,2.0173684210526317
2014-11-20,43,317.534124,7.384514511627907,2.033921188630491
2014-11-21,39,306.307568,7.854040205128205,2.0868945868945867
2014-11-22,42,301.639422,7.181891,1.9587367724867726
2014-11-23,30,229.02469299999998,7.634156433333333,1.7154814814814816
2014-11-24,39,361.575268,9.271160717948717,2.5267735042735042
2014-11-25,38,341.26966,8.980780526315788,2.2878801169590646
2014-11-26,42,343.928308,8.188769238095238,1.9618584656084657
2014-11-27,17,140.771192,8.280658352941177,1.702532679738562
2014-11-28,26,212.597742,8.176836230769231,1.9567094017094016
2014-11-29,37,302.054205,8.163627162162163,1.9219144144144145
2014-11-30,23,178.324952,7.753258782608696,1.7978140096618356
2014-12-01,45,320.795127,7.1287806,2.0384197530864197
2014-12-02,39,315.379859,8.086663051282052,2.400035612535613
2014-12-03,38,297.991195,7.841873552631579,2.049546783625731
2014-12-04,36,262.675592,7.296544222222222,2.0500925925925926
2014-12-05,42,329.148891,7.836878357142857,2.045489417989418
2014-12-06,31,205.2619,6.621351612903226,1.4699193548387097
2014-12-07,28,237.77770800000002,8.492061000000001,1.8605257936507937
2014-12-08,37,324.164897,8.761213432432433,2.596861861861862
2014-12-09,46,367.396991,7.986891108695652,2.1198792270531404
2014-12-10,42,361.253794,8.60128080952381,2.1501785714285715
2014-12-11,32,226.526062,7.0789394375,1.9939930555555556
2014-12-12,41,300.933268,7.3398358048780485,2.093523035230352
2014-12-13,33,287.342869,8.707359666666667,2.07493265993266
2014-12-14,30,255.58968,8.519656,1.9071018518518519
2014-12-15,41,343.000271,8.365860268292684,2.250318428184282
2014-12-16,38,322.448085,8.48547592105263,2.1947295321637426
2014-12-17,44,291.274791,6.619881613636363,2.175296717171717
2014-12-18,49,308.026427,6.286253612244899,1.7569104308390022
2014-12-19,39,343.761526,8.814398102564102,2.4521581196581193
2014-12-20,35,222.44935,6.355695714285715,1.5385079365079366
2014-12-21,36,236.073417,6.557594916666667,1.5642361111111112
2014-12-22,44,387.869814,8.815223045454546,2.3790909090909094
2014-12-23,40,285.851678,7.14629195,1.9813194444444444
2014-12-24,29,259.419833,8.94551148275862,2.637212643678161
2014-12-25,14,109.19298900000001,7.799499214285715,2.1693055555555554
2014-12-26,31,296.279668,9.55740864516129,2.501523297491039
2014-12-27,26,190.22991100000002,7.316535038461539,1.514465811965812
2014-12-28,21,170.558052,8.121812,1.8452513227513225
2014-12-29,36,236.927077,6.581307694444444,1.779837962962963
2014-12-30,39,266.459994,6.832307538461539,1.8956980056980057
2014-12-31,32,297.314413,9.29107540625,2.330277777777778
2015-01-01,21,180.642009,8.60200042857143,1.8898280423280425
2015-01-02,35,248.661405,7.104611571428571,2.061142857142857
2015-01-03,33,275.769846,8.356662,1.9799326599326599
2015-01-04,41,348.513505,8.500329390243902,1.8623238482384823
2015-01-05,51,380.582562,7.4624031764705885,2.1374237472766886
2015-01-06,50,419.456326,8.38912652,2.2809055555555555
2015-01-07,51,365.117264,7.159162039215686,1.9399074074074072
2015-01-08,59,404.213717,6.851079949152542,1.899613935969868
2015-01-09,49,405.491986,8.275346653061224,2.375901360544218
2015-01-10,44,378.05080399999997,8.592063727272727,1.995568181818182
2015-01-11,38,277.278641,7.296806342105263,1.6244590643274852
2015-01-12,40,281.755611,7.043890275,2.3492152777777777
2015-01-13,39,281.226786,7.210943230769231,1.9122364672364671
2015-01-14,50,407.360996,8.14721992,2.2122888888888887
2015-01-15,54,413.033775,7.648773611111111,2.1961574074074073
2015-01-16,48,335.911673,6.9981598541666665,1.9891493055555556
2015-01-17,50,369.955098,7.39910196,1.6700444444444447
2015-01-18,36,334.688453,9.296901472222222,2.548325617283951
2015-01-19,35,278.880772,7.968022057142856,2.0527142857142855
2015-01-20,46,332.926097,7.237523847826088,2.05356884057971
2015-01-21,54,464.91866,8.609604814814814,2.435185185185185
2015-01-22,51,491.667568,9.640540549019608,2.463485838779956
2015-01-23,67,478.523289,7.142138641791044,1.944792703150912
2015-01-24,40,297.774487,7.444362175,1.7242361111111113
2015-01-25,38,389.255875,10.243575657894738,2.2581505847953216
2015-01-26,51,368.823893,7.231841039215686,2.262864923747277
2015-01-27,56,478.99103,8.55341125,2.2486011904761907
2015-01-28,54,376.195428,6.966582,2.15988683127572
2015-01-29,55,536.50507,9.754637636363638,2.640217171717172
2015-01-30,59,388.636286,6.587055694915254,1.7973728813559322
2015-01-31,50,343.265474,6.86530948,1.763572222222222
2015-02-01,49,428.268194,8.740167224489795,1.9292176870748299
2015-02-02,54,428.763825,7.940070833333333,2.076332304526749
2015-02-03,60,409.304135,6.821735583333333,1.8852499999999999
2015-02-04,51,427.24179300000003,8.37729005882353,2.445501089324619
2015-02-05,58,452.456859,7.800980327586207,2.0773036398467433
2015-02-06,56,387.388143,6.917645410714286,1.9370734126984126
2015-02-07,48,410.364294,8.549256125,2.1266261574074075
2015-02-08,42,252.44406,6.010572857142857,1.6630357142857142
2015-02-09,51,387.657454,7.601126549019607,2.3328213507625275
2015-02-10,60,471.392549,7.856542483333333,2.171694444444445
2015-02-11,63,549.169693,8.716979253968255,2.3621031746031744
2015-02-12,55,392.992557,7.145319218181818,1.9608737373737375
2015-02-13,48,339.074869,7.064059770833333,2.047696759259259
2015-02-14,42,306.938313,7.308055071428571,1.5857275132275133
2015-02-15,43,259.824522,6.0424307441860465,1.5374418604651163
2015-02-16,42,339.33346,8.079368095238095,2.0414484126984127
2015-02-17,51,420.950865,8.253938529411766,2.2731917211328976
2015-02-18,57,457.365201,8.023950894736842,2.1488450292397663
2015-02-19,55,369.01517,6.7093667272727275,1.9596969696969697
2015-02-20,48,328.011666,6.833576375,1.9724537037037038
2015-02-21,51,329.152914,6.453978705882353,1.4496949891067537
2015-02-22,42,311.228164,7.4101943809523805,1.6855621693121692
2015-02-23,56,382.945183,6.838306839285714,1.753829365079365
2015-02-24,64,488.329544,7.630149125,1.9218836805555555
2015-02-25,70,514.214148,7.3459164,2.008813492063492
2015-02-26,57,514.562874,9.027418842105263,2.407334307992203
2015-02-27,57,421.193502,7.389359684210527,2.091388888888889
2015-02-28,53,358.191707,6.758334094339623,1.7932809224318658
2015-03-01,41,323.73797,7.8960480487804885,1.657289972899729
2015-03-02,49,375.521098,7.66369587755102,2.17718820861678
2015-03-03,53,447.88464600000003,8.450653698113209,2.1221960167714884
2015-03-04,52,415.945664,7.998955076923077,2.1498023504273505
2015-03-05,57,459.290725,8.05773201754386,2.161335282651072
2015-03-06,52,367.814761,7.073360788461538,2.002462606837607
2015-03-07,50,411.978318,8.23956636,1.8002555555555557
2015-03-08,40,247.056374,6.17640935,1.6304375
2015-03-09,50,452.95928,9.0591856,2.3451
2015-03-10,52,367.999708,7.076917461538462,2.0870566239316237
2015-03-11,56,399.682291,7.1371837678571435,2.024231150793651
2015-03-12,62,449.789308,7.254666258064516,2.0017293906810036
2015-03-13,46,402.788427,8.756270152173913,2.2154830917874397
2015-03-14,62,378.539516,6.105476064516129,1.5653225806451612
2015-03-15,50,309.061475,6.1812295,1.4310166666666666
2015-03-16,47,327.651036,6.971298638297871,1.9807624113475177
2015-03-17,47,384.139406,8.17317885106383,2.2366843971631205
2015-03-18,61,377.515591,6.188780180327869,1.7537158469945353
2015-03-19,54,453.41129,8.39650537037037,2.1134053497942387
2015-03-20,47,327.499125,6.968066489361702,1.9299763593380617
2015-03-21,52,370.9687,7.134013461538462,1.6957104700854702
2015-03-22,44,424.42347,9.645987954545454,2.0819886363636364
2015-03-23,53,381.246636,7.193332754716981,1.9223899371069184
2015-03-24,59,459.074593,7.780925305084746,2.015819209039548
2015-03-25,61,417.110048,6.837869639344262,1.9185837887067396
2015-03-26,56,441.117604,7.877100071428571,2.1380357142857145
2015-03-27,53,330.68625,6.23936320754717,1.8956656184486373
2015-03-28,54,429.810661,7.9594566851851845,1.977011316872428
2015-03-29,53,319.854805,6.034996320754717,1.5213312368972747
2015-03-30,55,465.134617,8.456993036363636,2.0844848484848484
2015-03-31,61,376.958887,6.1796538852459015,1.8682786885245901
2015-04-01,56,520.587905,9.296212589285714,2.3289136904761905
2015-04-02,54,435.975388,8.073618296296296,2.2803755144032922
2015-04-03,49,353.148281,7.207107775510204,2.018339002267574
2015-04-04,51,398.949567,7.822540529411765,1.8049618736383444
2015-04-05,38,266.542124,7.014266421052632,1.69890350877193
2015-04-06,52,444.629024,8.550558153846154,2.301741452991453
2015-04-07,60,432.165503,7.202758383333333,1.9808981481481482
2015-04-08,58,446.124759,7.691806189655172,2.104161877394636
2015-04-09,61,464.812594,7.6198785901639345,1.8775956284153006
2015-04-10,41,309.453858,7.547655073170732,2.062547425474255
2015-04-11,56,458.664758,8.190442107142857,1.749861111111111
2015-04-12,39,237.621273,6.092853153846154,1.5614173789173789
2015-04-13,52,422.81417999999996,8.131041923076923,1.9854594017094018
2015-04-14,64,442.900653,6.920322703125,1.9252083333333334
2015-04-15,60,462.350497,7.705841616666667,2.202125
2015-04-16,51,426.62417700000003,8.365179941176471,2.284711328976035
2015-04-17,54,375.845509,6.960102018518518,1.7325977366255145
2015-04-18,48,362.301327,7.5479443125,1.6191319444444445
2015-04-19,46,357.84466199999997,7.779231782608695,1.713623188405797
2015-04-20,58,413.949564,7.137061448275862,1.9067911877394634
2015-04-21,57,432.984918,7.596226631578947,2.1898684210526316
2015-04-22,58,426.532186,7.354003206896552,1.9621791187739464
2015-04-23,57,450.682675,7.906713596491229,2.1167202729044834
2015-04-24,58,360.535625,6.2161314655172415,1.7772557471264367
2015-04-25,62,436.612079,7.042130306451613,1.6578539426523298
2015-04-26,51,372.347308,7.300927607843137,1.7189814814814814
2015-04-27,59,443.094643,7.510078694915254,1.9438606403013183
2015-04-28,66,552.032678,8.364131484848485,2.2638468013468014
2015-04-29,56,395.812299,7.068076767857143,1.9889285714285714
2015-04-30,70,492.168066,7.030972371428572,1.7503849206349205
2015-05-01,56,476.888327,8.515862982142858,2.0596825396825396
2015-05-02,58,478.022836,8.241773034482758,1.879382183908046
2015-05-03,43,414.925292,9.649425395348837,2.2861692506459947
2015-05-04,61,519.9261260000001,8.5233791147541,2.3266939890710385
2015-05-05,68,518.705835,7.628026985294118,2.2525081699346403
2015-05-06,60,441.198283,7.353304716666667,1.9631805555555557
2015-05-07,62,499.175098,8.051211258064516,2.111801075268817
2015-05-08,60,480.332819,8.005546983333334,2.124699074074074
2015-05-09,60,465.706168,7.761769466666666,1.7913472222222222
2015-05-10,43,341.497632,7.941805395348838,1.8345413436692506
2015-05-11,55,398.010487,7.236554309090909,1.8721868686868688
2015-05-12,58,471.786891,8.13425674137931,2.174932950191571
2015-05-13,58,484.77975200000003,8.358271586206897,2.1682614942528735
2015-05-14,51,411.003878,8.058899568627451,2.0342429193899783
2015-05-15,59,524.908941,8.896761711864407,2.1790583804143124
2015-05-16,52,393.804626,7.573165884615384,1.583936965811966
2015-05-17,50,395.654637,7.91309274,1.8584944444444447
2015-05-18,57,486.57667,8.536432807017544,2.20885477582846
2015-05-19,71,547.691587,7.713966014084507,1.993212050078247
2015-05-20,62,439.38419,7.086841774193548,1.9813844086021506
2015-05-21,60,475.98447699999997,7.933074616666667,1.956949074074074
2015-05-22,68,458.955604,6.7493471176470585,2.1774509803921567
2015-05-23,59,433.414858,7.346014542372881,1.633728813559322
2015-05-24,45,331.104168,7.3578704,1.6467098765432098
2015-05-25,40,277.50645,6.93766125,1.6022291666666668
2015-05-26,65,457.92264,7.044963692307692,2.1872820512820517
2015-05-27,66,465.397046,7.051470393939394,1.9132702020202021
2015-05-28,58,448.805065,7.738018362068965,2.0308812260536397
2015-05-29,55,358.351328,6.515478690909092,1.8261818181818181
2015-05-30,63,555.188075,8.812509126984127,1.891221340388007
2015-05-31,58,501.674724,8.649564206896553,1.8861829501915708
2015-06-01,61,488.39258,8.006435737704917,2.1184972677595626
2015-06-02,58,366.150477,6.31293925862069,1.6881896551724138
2015-06-03,65,507.219039,7.803369830769231,2.192508547008547
2015-06-04,56,414.867247,7.408343696428572,1.9007837301587303
2015-06-05,62,439.140409,7.082909822580644,1.9210125448028674
2015-06-06,54,360.637292,6.67846837037037,1.5432921810699587
2015-06-07,50,407.45016,8.1490032,1.7430833333333333
2015-06-08,53,429.574997,8.10518862264151,2.344994758909853
2015-06-09,54,361.363245,6.691911944444445,1.7777572016460905
2015-06-10,57,410.18584500000003,7.196242894736843,1.9691910331384015
2015-06-11,56,459.826553,8.21118844642857,1.9187847222222223
2015-06-12,52,314.865232,6.055100615384616,1.7617788461538462
2015-06-13,48,298.537865,6.219538854166667,1.538408564814815
2015-06-14,51,422.362051,8.281608843137255,1.9406699346405227
2015-06-15,58,441.5908,7.613634482758621,1.9486877394636015
2015-06-16,53,340.64853899999997,6.4273309245283015,1.9501519916142558
2015-06-17,61,438.08756999999997,7.18176344262295,1.8673087431693989
2015-06-18,54,337.904868,6.257497555555556,1.8399382716049384
2015-06-19,47,305.681033,6.503851765957447,1.8692907801418441
2015-06-20,37,284.006831,7.675860297297296,1.6915615615615616
2015-06-21,31,269.416807,8.690864741935483,2.0940770609318995
2015-06-22,49,343.512427,7.010457693877551,1.8006179138321994
2015-06-23,43,308.577818,7.176228325581395,1.9570413436692504
2015-06-24,51,310.052135,6.079453627450981,1.7912091503267975
2015-06-25,45,310.550743,6.901127622222223,1.9405000000000001
2015-06-26,53,374.654913,7.06896062264151,1.8532337526205451
2015-06-27,34,262.923443,7.7330424411764715,1.9879575163398693
2015-06-28,30,219.534299,7.317809966666667,1.724685185185185
2015-06-29,55,366.24605,6.659019090909092,1.827489898989899
2015-06-30,59,415.862466,7.048516372881355,1.8894020715630886
2015-07-01,44,409.77405799999997,9.313046772727272,2.268743686868687
2015-07-02,50,348.843587,6.97687174,1.8753611111111113
2015-07-03,42,330.391841,7.866472404761905,1.818399470899471
2015-07-04,32,258.028138,8.0633793125,1.9095052083333333
2015-07-05,35,261.548247,7.472807057142857,1.7625714285714285
2015-07-06,55,476.788833,8.668887872727273,2.324156565656566
2015-07-07,55,425.785205,7.741549181818182,1.991070707070707
2015-07-08,52,414.439961,7.96999925,2.190608974358974
2015-07-09,42,275.781662,6.566230047619047,1.9152116402116401
2015-07-10,50,420.257584,8.40515168,2.1463111111111113
2015-07-11,43,332.028233,7.721586813953488,1.6956136950904395
2015-07-12,43,307.52153599999997,7.151663627906976,1.7039857881136953
2015-07-13,49,364.129228,7.431208734693878,2.075045351473923
2015-07-14,56,450.08477,8.037228035714286,2.082152777777778
2015-07-15,61,419.817528,6.882254557377049,2.0064207650273223
2015-07-16,57,395.862029,6.944947877192982,1.8658430799220274
2015-07-17,54,389.361689,7.2104016481481485,1.8572170781893005
2015-07-18,48,297.999559,6.208324145833333,1.601429398148148
2015-07-19,42,332.144638,7.9082056666666665,1.805892857142857
2015-07-20,47,361.010646,7.681077574468086,1.8659988179669031
2015-07-21,56,444.40036299999997,7.935720767857142,2.2030704365079368
2015-07-22,54,415.080014,7.686666925925926,2.070756172839506
2015-07-23,57,384.927027,6.753105736842105,2.1082261208576996
2015-07-24,51,352.586703,6.913464764705882,1.7212200435729847
2015-07-25,47,345.085331,7.342241085106383,1.6331205673758864
2015-07-26,50,258.67385,5.173477,1.225711111111111
2015-07-27,47,342.565905,7.288636276595744,2.0635047281323877
2015-07-28,58,385.723594,6.650406793103448,1.849861111111111
2015-07-29,63,492.248501,7.81346826984127,2.155546737213404
2015-07-30,75,539.868466,7.198246213333333,1.8425037037037035
2015-07-31,70,560.286808,8.004097257142856,2.038626984126984
2015-08-01,55,326.424062,5.9349829454545455,1.4634747474747474
2015-08-02,44,338.956357,7.703553568181818,1.7279797979797982
2015-08-03,70,583.726857,8.3389551,2.2003809523809523
2015-08-04,70,602.466227,8.606660385714285,2.225043650793651
2015-08-05,71,647.467681,9.119263112676055,2.293501564945227
2015-08-06,74,488.356254,6.599408837837838,1.7906869369369367
2015-08-07,74,615.760308,8.321085243243243,2.1039602102102104
2015-08-08,63,390.745352,6.202307174603175,1.4996384479717813
2015-08-09,49,347.72159,7.0963589795918365,1.6978514739229025
2015-08-10,72,539.10114,7.487515833333333,2.032565586419753
2015-08-11,70,545.650325,7.795004642857142,1.990876984126984
2015-08-12,77,543.607325,7.059835389610389,2.007178932178932
2015-08-13,61,549.091856,9.001505836065574,2.1520036429872493
2015-08-14,70,496.021021,7.0860145857142856,1.7798650793650794
2015-08-15,63,556.054359,8.826259666666667,1.9578703703703704
2015-08-16,76,599.938976,7.8939338947368425,1.7195248538011698
2015-08-17,73,621.62201,8.51537,2.1889497716894977
2015-08-18,78,617.243726,7.913381102564103,1.979889601139601
2015-08-19,75,600.158866,8.002118213333333,2.029722222222222
2015-08-20,74,566.944955,7.661418310810811,1.9919331831831832
2015-08-21,86,573.35319,6.666897558139535,1.7976905684754523
2015-08-22,67,436.638647,6.516994731343283,1.5165298507462688
2015-08-23,58,491.032709,8.466081189655172,1.9045641762452108
2015-08-24,75,638.428226,8.512376346666667,2.0780481481481483
2015-08-25,78,642.514318,8.23736305128205,2.134419515669516
2015-08-26,89,684.131346,7.686869056179775,1.9314450686641698
2015-08-27,78,534.532047,6.852974961538462,1.7559188034188036
2015-08-28,77,573.120677,7.4431256753246755,2.0405699855699857
2015-08-29,67,583.323907,8.706326970149254,1.88537728026534
2015-08-30,54,424.687455,7.8645825,1.7448765432098765
2015-08-31,80,654.619983,8.1827497875,2.02396875
2015-09-01,79,618.619532,7.830626987341772,1.9870886075949366
2015-09-02,78,612.866253,7.857259653846154,1.9416346153846153
2015-09-03,77,583.220657,7.574294246753246,1.9123160173160174
2015-09-04,71,582.423547,8.203148549295774,2.0457550860719875
2015-09-05,56,391.483901,6.9907839464285715,1.5871478174603175
2015-09-06,52,416.273869,8.00526671153846,1.7597702991452993
2015-09-07,49,504.379569,10.293460591836734,2.1912074829931973
2015-09-08,83,681.451,8.210253012048193,2.191864123159304
2015-09-09,88,726.10305,8.251171022727274,1.997544191919192
2015-09-10,89,688.218912,7.732796764044944,2.0092571785268416
2015-09-11,93,698.558783,7.5113847634408595,1.916006571087216
2015-09-12,71,523.985272,7.380074253521127,1.7293035993740218
2015-09-13,73,596.253495,8.16785609589041,1.8610083713850838
2015-09-14,82,703.757525,8.582408841463414,2.0453353658536586
2015-09-15,87,772.314697,8.877180425287357,2.0548084291187743
2015-09-16,74,553.696156,7.482380486486486,1.9366103603603604
2015-09-17,97,769.122838,7.929101422680413,1.9209478808705613
2015-09-18,97,615.60926,6.346487216494845,1.6971019473081328
2015-09-19,80,675.5790020000001,8.444737525,1.86378125
2015-09-20,68,589.765629,8.673023955882353,1.8412622549019608
2015-09-21,83,682.680835,8.22507030120482,2.0609236947791167
2015-09-22,88,707.184583,8.036188443181818,1.9614520202020203
2015-09-23,92,705.975737,7.673649315217391,2.0461020531400966
2015-09-24,94,714.707858,7.603275085106383,1.9677777777777776
2015-09-25,101,811.623866,8.035879861386139,2.0615291529152913
2015-09-26,86,698.235449,8.119016848837209,1.8611757105943152
2015-09-27,64,468.962222,7.32753471875,1.6918055555555556
2015-09-28,86,690.5466,8.029611627906977,2.060090439276486
2015-09-29,82,579.382335,7.065638231707317,1.921961382113821
2015-09-30,84,698.5794089999999,8.316421535714285,2.2373941798941797
2015-10-01,83,673.381539,8.113030590361445,2.083644578313253
2015-10-02,93,782.202827,8.410783086021505,2.0450029868578254
2015-10-03,70,514.842306,7.354890085714286,1.7071547619047618
2015-10-04,55,419.969748,7.6358136,1.8348434343434343
2015-10-05,86,722.586996,8.402174372093024,2.010826873385013
2015-10-06,88,675.095301,7.671537511363636,2.0022916666666664
2015-10-07,81,605.224679,7.471909617283951,1.8716083676268862
2015-10-08,92,687.811247,7.476209206521739,1.9753925120772948
2015-10-09,76,626.705615,8.246126513157895,2.077748538011696
2015-10-10,77,581.409554,7.550773428571428,1.6561616161616162
2015-10-11,66,551.391529,8.354417106060605,1.8287962962962963
2015-10-12,85,796.565597,9.371359964705883,2.301751633986928
2015-10-13,79,662.924685,8.391451708860759,2.1423663853727146
2015-10-14,73,685.137668,9.385447506849314,2.2600418569254184
2015-10-15,73,663.998489,9.095869712328767,2.2895129375951293
2015-10-16,86,730.998036,8.499977162790698,2.1448385012919897
2015-10-17,80,716.215708,8.95269635,2.0011666666666668
2015-10-18,68,480.368687,7.064245397058824,1.78031045751634
2015-10-19,70,522.22269,7.460324142857142,1.9627103174603173
2015-10-20,90,706.45984,7.8495537777777775,2.061774691358025
2015-10-21,84,716.799819,8.533331178571428,2.0522089947089945
2015-10-22,88,661.82385,7.520725568181818,1.8484122474747473
2015-10-23,91,828.650461,9.106049021978022,2.0766361416361416
2015-10-24,70,590.638073,8.437686757142856,1.963480158730159
2015-10-25,66,530.994755,8.045375075757576,1.7895328282828282
2015-10-26,90,744.825609,8.2758401,2.107827160493827
2015-10-27,91,643.887165,7.075683131868131,1.859355921855922
2015-10-28,89,669.817078,7.526034584269663,1.8685736579275904
2015-10-29,76,637.559893,8.388945960526316,2.110343567251462
2015-10-30,101,731.235263,7.2399530990099015,1.8431710671067105
2015-10-31,71,561.569259,7.909426183098591,1.8241314553990609
2015-11-01,66,530.548236,8.038609636363637,1.8449368686868688
2015-11-02,81,676.615737,8.353280703703703,2.072198216735254
2015-11-03,95,716.572192,7.542865178947368,1.9846169590643277
2015-11-04,99,787.299757,7.952522797979798,1.9913832772166105
2015-11-05,75,711.186734,9.482489786666667,2.331437037037037
2015-11-06,98,775.296736,7.91119118367347,1.9781179138321996
2015-11-07,76,579.695371,7.627570671052632,1.768969298245614
2015-11-08,75,592.025074,7.893667653333334,1.8777037037037039
2015-11-09,93,781.181354,8.399799505376345,2.0577060931899642
2015-11-10,98,702.151283,7.164809010204082,1.8339200680272107
2015-11-11,79,620.255444,7.8513347341772155,2.0204992967651196
2015-11-12,97,821.717089,8.471310195876288,2.1101947308132876
2015-11-13,93,838.469115,9.015796935483872,2.0207048984468337
2015-11-14,83,577.195309,6.95416034939759,1.5764859437751004
2015-11-15,70,542.885042,7.7555006,1.8835714285714285
2015-11-16,103,813.806418,7.901033184466019,1.956564185544768
2015-11-17,105,751.155694,7.1538637523809525,1.7699603174603173
2015-11-18,85,797.329976,9.38035265882353,2.2859183006535946
2015-11-19,95,729.595924,7.679957094736841,2.1603070175438597
2015-11-20,84,908.235331,10.812325369047619,2.4951289682539683
2015-11-21,80,629.171957,7.8646494625,1.8611458333333335
2015-11-22,70,557.590092,7.965572742857144,1.9157142857142857
2015-11-23,92,859.865292,9.346361869565216,2.1606914251207727
2015-11-24,85,681.652672,8.019443200000001,2.0545751633986926
2015-11-25,85,690.270674,8.12083145882353,1.9941013071895424
2015-11-26,33,290.1767,8.793233333333333,2.043476430976431
2015-11-27,77,562.150311,7.30065338961039,1.6963708513708515
2015-11-28,67,624.196576,9.31636680597015,2.0639676616915423
2015-11-29,60,575.682416,9.594706933333333,2.29824537037037
2015-11-30,86,702.710463,8.171051895348837,2.122199612403101
2015-12-01,98,793.186107,8.093735785714285,2.0720719954648525
2015-12-02,98,752.243557,7.675954663265307,1.8241156462585033
2015-12-03,101,772.9949750000001,7.653415594059407,1.8831078107810781
2015-12-04,93,794.289725,8.540749731182796,1.9884020310633213
2015-12-05,86,599.335655,6.969019244186046,1.7031459948320415
2015-12-06,70,718.147,10.259242857142858,2.171920634920635
2015-12-07,91,869.393461,9.553774296703297,2.1778754578754578
2015-12-08,90,625.035714,6.944841266666667,1.8931388888888887
2015-12-09,100,811.881395,8.11881395,1.977913888888889
2015-12-10,88,789.185569,8.968017829545454,2.022020202020202
2015-12-11,91,901.396138,9.905452065934066,2.368956043956044
2015-12-12,75,658.686602,8.782488026666666,1.971596296296296
2015-12-13,62,585.105662,9.437188096774195,2.30252688172043
2015-12-14,91,830.609119,9.127572736263735,2.1192307692307693
2015-12-15,90,831.178232,9.235313688888889,2.28491975308642
2015-12-16,89,846.357767,9.509637831460674,2.3140917602996254
2015-12-17,97,778.130957,8.021968628865979,2.0302290950744557
2015-12-18,95,790.193316,8.317824378947368,2.0582105263157895
2015-12-19,72,642.512534,8.923785194444443,2.027704475308642
2015-12-20,68,618.917121,9.101722367647058,1.9996936274509802
2015-12-21,71,659.329717,9.28633404225352,2.149573552425665
2015-12-22,89,826.828215,9.290204662921349,2.1909956304619227
2015-12-23,77,626.278981,8.133493259740261,1.990746753246753
2015-12-24,54,466.71109,8.642797962962963,2.171728395061728
2015-12-25,15,234.405025,15.627001666666667,2.9588703703703705
2015-12-26,55,463.084438,8.419717054545455,1.9073535353535351
2015-12-27,55,376.148255,6.839059181818182,1.5106464646464648
2015-12-28,75,629.411708,8.392156106666667,1.9729740740740742
2015-12-29,84,626.772896,7.461582095238095,1.8710152116402117
2015-12-30,70,636.207284,9.088675485714285,2.1748928571428574
2015-12-31,67,634.080294,9.463884985074626,2.2116127694859036
2016-01-01,46,420.482614,9.140926391304347,2.137288647342995
2016-01-02,65,589.417834,9.067966676923076,2.027491452991453
2016-01-03,61,560.173663,9.183174803278689,1.9716347905282332
2016-01-04,91,837.3342,9.201474725274725,2.2268742368742367
2016-01-05,99,866.777259,8.755325848484848,2.081130751964085
2016-01-06,90,816.68418,9.074268666666667,2.204354938271605
2016-01-07,98,934.615716,9.53689506122449,2.273307823129252
2016-01-08,100,758.804873,7.588048730000001,1.9575194444444444
2016-01-09,86,750.170636,8.722914372093022,2.162716408268734
2016-01-10,69,646.36119,9.367553478260868,2.1718196457326893
2016-01-11,92,796.449693,8.657061880434783,2.047566425120773
2016-01-12,101,841.598581,8.332659217821782,1.9621919691969198
2016-01-13,100,806.598733,8.06598733,1.9848611111111112
2016-01-14,109,830.092941,7.61553156880734,1.9708537206931702
2016-01-15,127,1084.230373,8.537247031496063,2.2527602799650044
2016-01-16,107,1146.488734,10.714847981308411,2.3454283489096572
2016-01-17,90,857.613073,9.529034144444445,1.9759197530864197
2016-01-18,127,1114.368925,8.77455846456693,2.08597987751531
2016-01-19,127,1037.01137,8.165443858267716,2.0462839020122483
2016-01-20,128,1095.338441,8.5573315703125,2.142092013888889
2016-01-21,146,1204.765296,8.251817095890411,2.043723363774734
2016-01-22,125,1056.953378,8.455627024,2.06058
2016-01-23,99,856.528071,8.651798696969697,1.9176879910213243
2016-01-24,91,907.213546,9.969379626373625,2.28003663003663
2016-01-25,137,1194.027049,8.715525905109489,2.128671938361719
2016-01-26,144,1376.762247,9.5608489375,2.2934259259259258
2016-01-27,128,1033.306776,8.0727091875,2.069945746527778
2016-01-28,132,1076.887205,8.158236401515152,2.037984006734007
2016-01-29,134,1200.297809,8.957446335820896,2.1237168325041456
2016-01-30,114,919.892854,8.06923556140351,1.8244005847953217
2016-01-31,104,929.29823,8.935559903846153,1.9528392094017093
2016-02-01,127,1013.878654,7.9832964881889765,2.158989501312336
2016-02-02,127,1174.393418,9.247192267716537,2.36325021872266
2016-02-03,143,1333.747717,9.326907111888112,2.186969696969697
2016-02-04,129,1203.529178,9.329683550387596,2.3018367786391045
2016-02-05,139,1195.150409,8.598204381294964,2.1108093525179856
2016-02-06,87,913.4209910000001,10.499091850574713,2.3887803320561942
2016-02-07,75,666.225114,8.883001519999999,1.9689407407407407
2016-02-08,128,1147.662127,8.9661103671875,2.225377604166667
2016-02-09,130,1188.149942,9.139614938461538,2.2526752136752135
2016-02-10,134,1266.435104,9.451008238805969,2.2166894693200665
2016-02-11,132,1021.136525,7.735882765151516,2.0766035353535353
2016-02-12,140,1105.2579700000001,7.894699785714287,1.9023690476190476
2016-02-13,100,821.837403,8.21837403,1.82315
2016-02-14,90,728.685972,8.0965108,1.9339506172839505
2016-02-15,118,1044.151359,8.848740330508475,2.1520903954802257
2016-02-16,130,1141.787597,8.782981515384616,2.1485897435897434
2016-02-17,119,942.760851,7.922360092436975,1.989152661064426
2016-02-18,130,1176.949573,9.053458253846154,2.2300491452991453
2016-02-19,130,1081.914342,8.322418015384615,2.019893162393162
2016-02-20,111,941.161119,8.478928999999999,1.854844844844845
2016-02-21,101,775.080236,7.674061742574257,1.7162101210121015
2016-02-22,120,1144.376879,9.536473991666666,2.258328703703704
2016-02-23,129,1310.287038,10.157263860465116,2.3516451335055986
2016-02-24,128,1072.3696439999999,8.377887843749999,2.0792447916666665
2016-02-25,139,1186.319253,8.534670884892085,2.140427657873701
2016-02-26,133,1086.560423,8.169627240601503,2.0509168755221387
2016-02-27,119,901.49869,7.575619243697479,1.7265943043884222
2016-02-28,107,934.729566,8.735790336448598,1.8871936656282449
2016-02-29,134,1188.182686,8.867034970149254,2.095804311774461
2016-03-01,135,1047.799505,7.761477814814815,1.9078436213991767
2016-03-02,119,882.272291,7.414052865546219,1.8692787114845937
2016-03-03,147,1184.094187,8.055062496598639,2.0202248677248678
2016-03-04,131,1117.459598,8.530225938931297,2.094480491942324
2016-03-05,93,796.001432,8.559155182795699,1.846801075268817
2016-03-06,102,967.198464,9.48233788235294,2.152600762527233
2016-03-07,134,1167.298529,8.711183052238805,2.1963619402985075
2016-03-08,134,1131.499528,8.444026328358209,2.085771144278607
2016-03-09,140,1245.456075,8.896114821428572,2.151547619047619
2016-03-10,129,1139.721046,8.835046868217054,2.210021533161068
2016-03-11,140,1293.521468,9.239439057142857,2.1813690476190475
2016-03-12,103,873.337959,8.479009310679611,1.928735167206041
2016-03-13,93,892.912136,9.601205763440861,2.1478942652329747
2016-03-14,127,1171.950525,9.22795688976378,2.198698600174978
2016-03-15,123,1130.460457,9.190735422764227,2.2373667570009035
2016-03-16,134,1167.62183,8.713595746268657,2.1549606135986736
2016-03-17,136,1090.486644,8.018284147058823,1.9708190359477125
2016-03-18,123,1179.9399329999999,9.593007585365852,2.3274119241192412
2016-03-19,97,989.589744,10.20195612371134,2.1268757159221074
2016-03-20,104,922.872755,8.873776490384616,2.0643856837606838
2016-03-21,127,1188.29725,9.35667125984252,2.3085411198600174
2016-03-22,126,1103.829596,8.76055234920635,2.152993827160494
2016-03-23,138,1194.865045,8.658442355072463,2.2239774557165863
2016-03-24,132,1182.448372,8.957942212121212,2.1551830808080807
2016-03-25,136,1246.460681,9.165152066176471,2.1022896241830065
2016-03-26,102,888.67596,8.712509411764707,1.9676797385620914
2016-03-27,88,736.884993,8.373693102272727,1.8492676767676768
2016-03-28,126,1086.895193,8.626152325396825,2.1352535273368605
2016-03-29,130,1095.662793,8.42817533076923,2.1797286324786325
2016-03-30,143,1253.068499,8.762716776223776,2.118372183372183
2016-03-31,132,1179.649502,8.936738651515151,2.1519507575757575
2016-04-01,122,1117.529928,9.16008137704918,2.2084426229508196
2016-04-02,94,851.697395,9.060610585106383,2.0465218676122934
2016-04-03,85,784.958751,9.234808835294118,1.9865294117647057
2016-04-04,124,1038.454237,8.374630943548386,2.124222670250896
2016-04-05,129,1103.916644,8.557493364341084,2.1303596037898362
2016-04-06,137,1189.435942,8.682014175182482,2.0483069748580696
2016-04-07,121,1154.325674,9.539881603305785,2.1759664830119374
2016-04-08,127,982.174598,7.733658251968503,1.9186439195100613
2016-04-09,117,1050.26806,8.976650085470087,1.996054131054131
2016-04-10,101,829.12558,8.209164158415842,1.7627585258525853
2016-04-11,121,1220.179702,10.08412976859504,2.2882552800734617
2016-04-12,139,1248.393796,8.981250330935252,2.197937649880096
2016-04-13,139,1201.147498,8.641348906474821,2.0571922462030376
2016-04-14,132,1068.220769,8.092581583333333,2.0433354377104376
2016-04-15,135,1173.495183,8.692556911111112,2.138767489711934
2016-04-16,107,860.207887,8.039326046728972,1.876020249221184
2016-04-17,112,1001.784181,8.94450161607143,1.9730927579365078
2016-04-18,138,1193.632245,8.64950902173913,2.1370712560386473
2016-04-19,130,1122.141914,8.631860876923078,2.104792735042735
2016-04-20,128,1268.963947,9.9137808359375,2.3779730902777776
2016-04-21,137,1210.657301,8.836914605839416,2.1555373073803734
2016-04-22,148,1240.912759,8.38454566891892,2.085583708708709
2016-04-23,111,977.277977,8.8043060990991,1.8777502502502503
2016-04-24,89,767.328435,8.621667808988764,1.8367072409488139
2016-04-25,128,1201.375274,9.385744328125,2.2511501736111112
2016-04-26,147,1184.267699,8.056242850340135,2.0137377173091457
2016-04-27,148,1217.467733,8.226133331081082,1.95762012012012
2016-04-28,129,1146.486496,8.887492217054264,2.0997545219638245
2016-04-29,159,1189.124395,7.478769779874214,1.8886617749825296
2016-04-30,124,1042.963637,8.410997072580646,1.8297983870967742
2016-05-01,112,995.443258,8.887886232142858,1.9398338293650794
2016-05-02,135,1142.759065,8.464881962962963,2.1094732510288066
2016-05-03,136,1140.774702,8.388049279411764,2.035600490196078
2016-05-04,147,1221.86949,8.312037346938776,2.043832199546485
2016-05-05,137,1181.033181,8.620680153284672,2.1245174371451743
2016-05-06,135,1073.239374,7.949921288888889,1.990141975308642
2016-05-07,120,857.102135,7.142517791666666,1.7465833333333334
2016-05-08,113,1093.412858,9.676219982300884,1.9806219272369714
2016-05-09,130,1240.062713,9.538943946153847,2.2925042735042735
2016-05-10,153,1251.815893,8.181803222222221,2.040350399419027
2016-05-11,142,1182.260836,8.325780535211267,2.0689143192488264
2016-05-12,141,1252.411072,8.882348028368796,2.1399625689519306
2016-05-13,139,1190.163037,8.562324007194245,2.137501998401279
2016-05-14,111,1020.923427,9.19750835135135,2.009471971971972
2016-05-15,104,859.79626,8.267271730769231,1.8787767094017094
2016-05-16,133,1299.075032,9.767481443609022,2.400720551378446
2016-05-17,141,1065.53459,7.556982907801419,2.027094168636722
2016-05-18,151,1183.214379,7.835856814569537,1.9513097866077997
2016-05-19,152,1259.585072,8.286743894736842,1.9903965643274852
2016-05-20,147,1094.043775,7.442474659863946,1.879654195011338
2016-05-21,121,1075.349942,8.887189603305785,1.975808080808081
2016-05-22,113,981.496073,8.685805955752212,1.9450614552605703
2016-05-23,131,1168.289312,8.918239022900764,2.1530089058524173
2016-05-24,128,1190.237542,9.298730796875,2.197482638888889
2016-05-25,145,1132.340818,7.8092470206896545,1.9601072796934866
2016-05-26,144,1230.815097,8.547327062499999,2.119926697530864
2016-05-27,139,1211.78816,8.717900431654677,2.125163868904876
2016-05-28,107,822.031867,7.682540813084112,1.7443042575285566
2016-05-29,103,816.468047,7.926874242718446,1.7296736785329019
2016-05-30,76,748.653417,9.850702855263158,2.1655372807017543
2016-05-31,136,1184.599641,8.710291477941176,2.103408905228758
2016-06-01,144,1172.402866,8.141686569444444,1.9917881944444444
2016-06-02,139,1256.191391,9.037348136690648,2.132863709032774
2016-06-03,142,1190.419157,8.383233500000001,1.9869366197183098
2016-06-04,114,814.271984,7.1427367017543855,1.6094444444444445
2016-06-05,89,810.753063,9.10958497752809,2.0780368289637954
2016-06-06,133,1117.981193,8.405873631578947,2.02437343358396
2016-06-07,152,1188.964858,7.822137223684211,1.8921984649122807
2016-06-08,131,1078.001895,8.229022099236643,2.0525381679389314
2016-06-09,133,1181.923365,8.886641842105265,2.1448036758563074
2016-06-10,116,1009.471243,8.702338301724138,2.109705459770115
2016-06-11,116,854.324463,7.364866060344828,1.6693007662835249
2016-06-12,87,734.5844960000001,8.44349995402299,1.8079693486590036
2016-06-13,124,1162.719666,9.3767715,2.238073476702509
2016-06-14,139,1212.407825,8.72235845323741,2.088687050359712
2016-06-15,142,1163.092641,8.190793246478872,2.02283255086072
2016-06-16,131,1036.482808,7.9120825038167935,1.985046649703138
2016-06-17,137,1109.092685,8.09556704379562,1.9233738848337387
2016-06-18,115,917.30755,7.9765873913043475,1.7426763285024154
2016-06-19,114,1163.844986,10.20916654385965,2.194390838206628
2016-06-20,130,1085.932726,8.35332866153846,2.07550641025641
2016-06-21,143,1166.453523,8.157017643356642,1.973288655788656
2016-06-22,130,1122.069187,8.63130143846154,2.07507905982906
2016-06-23,136,1086.816259,7.991296022058823,1.9355698529411764
2016-06-24,135,1127.831278,8.354305762962964,1.9838744855967076
2016-06-25,103,993.742883,9.647989155339806,2.1608791801510248
2016-06-26,102,955.012826,9.362870843137255,2.1598011982570804
2016-06-27,122,985.374871,8.076843204918033,2.048615664845173
2016-06-28,120,999.455204,8.328793366666666,2.1282615740740742
2016-06-29,129,1094.110359,8.481475651162791,2.0407407407407407
2016-06-30,121,965.809357,7.981895512396694,1.920498163452709
2016-07-01,137,1133.492571,8.273668401459854,1.96992700729927
2016-07-02,100,756.556999,7.56556999,1.6032472222222223
2016-07-03,81,730.367845,9.016886975308642,2.0081378600823045
2016-07-04,70,738.59486,10.551355142857144,2.2308333333333334
2016-07-05,130,1149.169362,8.839764323076924,2.170707264957265
2016-07-06,129,1075.618932,8.338131255813954,2.0509173126614986
2016-07-07,134,1079.669684,8.057236447761193,2.0259141791044777
2016-07-08,143,1217.012337,8.510575783216783,2.047964257964258
2016-07-09,108,842.935904,7.804962074074075,1.7331404320987656
2016-07-10,99,908.122582,9.172955373737373,1.9525056116722783
2016-07-11,138,1113.53188,8.0690715942029,2.065998389694042
2016-07-12,131,1053.05811,8.038611526717556,2.0113316369804917
2016-07-13,144,1085.685743,7.539484326388889,1.9706249999999998
2016-07-14,150,1227.8868870000001,8.18591258,2.0200277777777775
2016-07-15,127,1031.95271,8.12561188976378,1.9774081364829397
2016-07-16,111,922.963681,8.314988117117117,1.8425225225225226
2016-07-17,94,774.811177,8.242672095744682,1.9010756501182033
2016-07-18,150,1138.893153,7.59262102,1.882775925925926
2016-07-19,138,1156.140597,8.377830413043478,2.125289855072464
2016-07-20,140,1160.146729,8.28676235,2.0124027777777775
2016-07-21,135,1093.182151,8.097645562962963,2.0602037037037038
2016-07-22,154,1158.343265,7.521709512987012,1.826136363636364
2016-07-23,132,1016.654794,7.701930257575758,1.7351830808080808
2016-07-24,123,992.845524,8.071914829268293,1.8273644986449866
2016-07-25,125,1185.282604,9.482260832,2.254948888888889
2016-07-26,139,1240.431357,8.923966597122302,2.1543924860111914
2016-07-27,149,1178.710981,7.910811953020134,1.9881133482475764
2016-07-28,152,1297.900535,8.538819309210526,2.0896034356725144
2016-07-29,156,1200.148499,7.693259608974358,1.842346866096866
2016-07-30,119,971.665765,8.165258529411764,1.7804295051353873
2016-07-31,118,995.665811,8.437845855932203,1.8791148775894537
2016-08-01,146,1387.718175,9.504919006849315,2.2640049467275496
2016-08-02,145,1206.881954,8.323323820689655,2.024844827586207
2016-08-03,149,1162.18689,7.799912013422818,1.9576025354213276
2016-08-04,146,1207.807357,8.272653130136986,1.990658295281583
2016-08-05,145,1177.797212,8.122739393103448,2.0291264367816093
2016-08-06,113,916.552307,8.111082362831858,1.8704793510324484
2016-08-07,92,756.626307,8.224198989130434,1.7548943236714976
2016-08-08,140,1273.992879,9.099949135714285,2.2177003968253968
2016-08-09,140,1164.836188,8.320258485714286,2.099847222222222
2016-08-10,141,1127.36043,7.995464042553191,2.0138081166272657
2016-08-11,141,1178.417154,8.357568468085105,2.089674940898345
2016-08-12,153,1225.007152,8.006582692810458,1.9495987654320988
2016-08-13,124,1003.47778,8.092562741935485,1.831659946236559
2016-08-14,123,974.795179,7.925164056910568,1.777077687443541
2016-08-15,141,1226.384292,8.697760936170212,2.100224586288416
2016-08-16,148,1250.433287,8.448873560810812,2.055870870870871
2016-08-17,148,1166.682791,7.882991831081081,1.9892886636636637
2016-08-18,150,1292.730379,8.618202526666668,2.0969314814814815
2016-08-19,151,1222.833094,8.098232410596028,1.9439183222958059
2016-08-20,128,988.560163,7.7231262734375,1.6812782118055556
2016-08-21,113,1009.682185,8.93524057522124,1.9390486725663718
2016-08-22,156,1313.757907,8.421525044871794,2.112090455840456
2016-08-23,143,1125.11449,7.867933496503496,2.0471309246309244
2016-08-24,156,1356.868593,8.697875596153846,2.113511396011396
2016-08-25,142,1252.887337,8.823150260563379,2.1625097809076683
2016-08-26,146,1203.847466,8.245530589041095,2.0324505327245053
2016-08-27,133,1079.248922,8.11465354887218,1.8056641604010024
2016-08-28,125,1107.989045,8.86391236,1.9890044444444446
2016-08-29,140,1197.287189,8.55205135,2.213313492063492
2016-08-30,154,1319.080413,8.565457227272727,2.087579365079365
2016-08-31,155,1209.555234,7.803582154838709,1.94202688172043
2016-09-01,135,1115.962715,8.26639048148148,2.136448559670782
2016-09-02,133,1136.522385,8.545281090225563,2.084814118629908
2016-09-03,95,837.330424,8.814004463157895,1.971982456140351
2016-09-04,92,702.793171,7.639056206521739,1.7625815217391305
2016-09-05,94,864.459292,9.19637544680851,2.010085697399527
2016-09-06,144,1216.414096,8.447320111111111,2.1211979166666666
2016-09-07,138,1290.360173,9.350436036231883,2.2608675523349433
2016-09-08,142,1324.738633,9.329145302816901,2.278347026604069
2016-09-09,156,1196.445618,7.669523192307692,1.88139245014245
2016-09-10,107,903.09762,8.440164672897197,1.9184008307372793
2016-09-11,104,1020.089861,9.80855635576923,2.105940170940171
2016-09-12,148,1220.5625009999999,8.247043925675674,2.017045795795796
2016-09-13,160,1299.412635,8.12132896875,2.027173611111111
2016-09-14,142,1266.038548,8.915764422535212,2.2396263693270737
2016-09-15,151,1319.7093380000001,8.739796940397351,2.137706033848418
2016-09-16,150,1219.705072,8.131367146666667,2.003309259259259
2016-09-17,127,1116.663809,8.792628417322835,2.0506408573928256
2016-09-18,122,1084.086688,8.885956459016395,1.9767372495446265
2016-09-19,146,1396.818126,9.567247438356164,2.2177207001522072
2016-09-20,134,1057.010615,7.888138917910447,1.9805140961857381
2016-09-21,142,1252.202792,8.818329521126762,2.0771107198748044
2016-09-22,146,1250.893674,8.567764890410958,2.0842751141552514
2016-09-23,145,1188.465737,8.196315427586207,2.0190766283524906
2016-09-24,129,1187.446762,9.205013658914728,2.082620585701981
2016-09-25,120,1124.935301,9.374460841666666,2.1750393518518516
2016-09-26,149,1305.212133,8.759812973154363,2.180950782997763
2016-09-27,147,1328.587876,9.038012761904762,2.17609977324263
2016-09-28,153,1243.111395,8.124911078431373,1.990726216412491
2016-09-29,151,1246.7213160000001,8.256432556291392,2.0484878587196467
2016-09-30,160,1371.657074,8.5728567125,2.0969947916666665
2016-10-01,124,1002.272635,8.082843830645162,1.8415344982078852
2016-10-02,121,1111.343471,9.184656785123966,2.145941230486685
2016-10-03,150,1253.401715,8.356011433333332,2.0441333333333334
2016-10-04,165,1336.219875,8.098302272727272,1.9695319865319865
2016-10-05,167,1426.113109,8.539599455089819,2.1244328010645375
2016-10-06,166,1490.254587,8.977437271084337,2.120140562248996
2016-10-07,156,1347.22963,8.636087371794872,2.0531677350427353
2016-10-08,144,1238.852167,8.603140048611111,1.9179050925925927
2016-10-09,123,1107.363635,9.00295638211382,2.011070460704607
2016-10-10,154,1379.746299,8.959391551948052,2.10609126984127
2016-10-11,163,1314.408266,8.063854392638037,1.964079754601227
2016-10-12,142,1187.743894,8.36439361971831,2.05733372456964
2016-10-13,147,1319.697247,8.977532292517008,2.1647316704459563
2016-10-14,150,1528.235982,10.18823988,2.2885685185185185
2016-10-15,120,950.198463,7.9183205249999995,1.8498425925925928
2016-10-16,104,963.676839,9.266123451923077,2.090985576923077
2016-10-17,151,1394.094579,9.232414430463576,2.218221118469463
2016-10-18,163,1477.489635,9.064353588957054,2.117580095432856
2016-10-19,142,1171.133064,8.247415943661972,2.022609546165884
2016-10-20,149,1229.840059,8.253960127516779,2.0536651752423567
2016-10-21,157,1347.260291,8.581275738853504,2.0873867657466385
2016-10-22,135,1189.53396,8.811362666666666,2.0043580246913577
2016-10-23,112,993.917112,8.874259928571428,1.9925099206349206
2016-10-24,136,1369.836871,10.072329933823529,2.4203819444444443
2016-10-25,151,1302.427976,8.625350834437086,2.0531401766004413
2016-10-26,162,1408.262949,8.692981166666666,2.0783779149519894
2016-10-27,142,1181.795,8.3225,2.0387871674491396
2016-10-28,149,1385.175,9.296476510067114,2.2264671886651755
2016-10-29,134,1209.692,9.02755223880597,2.0338785240464343
2016-10-30,109,1089.973,9.99975229357798,2.1840188583078493
2016-10-31,146,1352.315,9.262431506849316,2.1821118721461183
2016-11-01,158,1449.929,9.17676582278481,2.185618846694796
2016-11-02,149,1247.463,8.37223489932886,2.1058389261744965
2016-11-03,160,1461.726,9.135787500000001,2.218921875
2016-11-04,147,1346.301,9.158510204081631,2.2217517006802723
2016-11-05,144,1267.772,8.803972222222221,2.0053202160493826
2016-11-06,132,1068.652,8.095848484848485,1.819431818181818
2016-11-07,131,1282.249,9.788160305343512,2.3475805767599662
2016-11-08,146,1293.13,8.857054794520549,2.1079033485540335
2016-11-09,160,1347.263,8.420393749999999,2.000493055555556
2016-11-10,149,1321.53,8.869328859060403,2.155425055928412
2016-11-11,137,1250.31,9.126350364963503,2.2834590429845907
2016-11-12,125,1173.075,9.3846,2.0141533333333332
2016-11-13,133,1201.787,9.035992481203008,2.042468671679198
2016-11-14,145,1358.9569999999999,9.372117241379309,2.257446360153257
2016-11-15,142,1268.939,8.93619014084507,2.1327386541471047
2016-11-16,154,1385.25,8.99512987012987,2.2120454545454544
2016-11-17,149,1303.128,8.745825503355704,2.153320283370619
2016-11-18,166,1452.407,8.749439759036145,2.2134705488621154
2016-11-19,127,1079.069,8.496606299212598,1.9687882764654416
2016-11-20,115,938.853,8.163939130434782,1.9129758454106278
2016-11-21,143,1249.148,8.735300699300698,2.1856857031857033
2016-11-22,155,1407.26,9.079096774193548,2.2116863799283153
2016-11-23,131,1157.757,8.83783969465649,2.1925042408821036
2016-11-24,66,689.756,10.450848484848484,2.3797474747474747
2016-11-25,102,921.889,9.038127450980392,2.1303976034858385
2016-11-26,95,816.639,8.5962,1.8988801169590643
2016-11-27,118,960.388,8.138881355932204,1.9131026365348398
2016-11-28,151,1318.159,8.729529801324505,2.0971817512877116
2016-11-29,150,1461.017,9.740113333333333,2.331535185185185
2016-11-30,148,1329.565,8.983547297297298,2.218646771771772
2016-12-01,159,1369.2830000000001,8.611842767295599,2.125
2016-12-02,141,1375.287,9.753808510638297,2.280005910165485
2016-12-03,124,988.259,7.969830645161291,1.9403606630824373
2016-12-04,118,1042.696,8.836406779661017,1.9787452919020716
2016-12-05,140,1285.288,9.18062857142857,2.232569444444444
2016-12-06,160,1423.89,8.8993125,2.0809600694444446
2016-12-07,141,1269.687,9.004872340425532,2.225756501182033
2016-12-08,150,1234.133,8.227553333333333,2.0772925925925927
2016-12-09,151,1177.172,7.795841059602649,1.9258940397350994
2016-12-10,115,910.355,7.916130434782609,1.8947995169082126
2016-12-11,108,1115.894,10.332351851851852,2.3059336419753085
2016-12-12,141,1300.982,9.22682269503546,2.2396079590228526
2016-12-13,160,1467.524,9.172025,2.2273315972222223
2016-12-14,142,1276.111,8.986697183098592,2.1326095461658845
2016-12-15,138,1293.687,9.374543478260868,2.313160225442834
2016-12-16,132,1375.322,10.41910606060606,2.532493686868687
2016-12-17,124,1024.423,8.261475806451612,1.924159946236559
2016-12-18,118,952.784,8.074440677966102,1.92390065913371
2016-12-19,130,1261.316,9.70243076923077,2.281217948717949
2016-12-20,142,1117.099,7.866894366197182,2.0261150234741785
2016-12-21,136,1178.596,8.66614705882353,2.118982843137255
2016-12-22,130,1057.417,8.133976923076922,2.056145299145299
2016-12-23,104,959.963,9.230413461538461,2.0966773504273504
2016-12-24,69,674.125,9.769927536231885,2.2186795491143316
2016-12-25,33,388.03,11.758484848484848,2.547710437710438
2016-12-26,78,752.923,9.652858974358974,2.0344729344729346
2016-12-27,125,1038.248,8.305984,1.95098
2016-12-28,112,944.474,8.432803571428572,2.098159722222222
2016-12-29,120,1196.999,9.974991666666666,2.443625
2016-12-30,116,968.836,8.35203448275862,1.9627969348659002
2016-12-31,97,890.175,9.177061855670102,2.1397766323024054
2017-01-01,74,711.708,9.617675675675676,2.1614714714714713
2017-01-02,108,894.885,8.285972222222222,1.957397119341564
2017-01-03,135,1300.076,9.630192592592593,2.2866831275720165
2017-01-04,132,1127.01,8.537954545454545,2.2554713804713806
2017-01-05,160,1372.0240000000001,8.57515,2.1467239583333333
2017-01-06,141,1299.81,9.218510638297872,2.246501182033097
2017-01-07,111,871.826,7.854288288288289,1.8122097097097096
2017-01-08,83,659.496,7.945734939759036,1.7501974564926372
2017-01-09,155,1486.17,9.588193548387098,2.2898405017921144
2017-01-10,144,1147.032,7.9655,2.010389660493827
2017-01-11,164,1397.797,8.52315243902439,2.0875575880758808
2017-01-12,156,1438.648,9.222102564102563,2.2085238603988606
2017-01-13,170,1475.844,8.681435294117648,2.142714052287582
2017-01-14,134,1155.591,8.62381343283582,1.8998134328358207
2017-01-15,106,1086.783,10.252669811320754,2.293768343815514
2017-01-16,132,1197.066,9.068681818181819,2.2363930976430977
2017-01-17,178,1521.271,8.54646629213483,2.093906054931336
2017-01-18,159,1288.431,8.10333962264151,2.0166037735849054
2017-01-19,164,1412.144,8.610634146341463,2.207892953929539
2017-01-20,167,1478.017,8.850401197604791,2.194451097804391
2017-01-21,137,1245.301,9.089788321167882,2.026934306569343
2017-01-22,130,1107.699,8.520761538461539,1.8302200854700854
2017-01-23,158,1566.376,9.913772151898733,2.4100914205344584
2017-01-24,175,1561.461,8.922634285714286,2.1599460317460317
2017-01-25,173,1560.603,9.020826589595377,2.2165510597302505
2017-01-26,155,1440.15,9.291290322580645,2.2785215053763443
2017-01-27,176,1557.714,8.850647727272728,2.1676609848484847
2017-01-28,132,1247.316,9.449363636363637,2.0803388047138047
2017-01-29,120,1148.215,9.568458333333332,2.0812476851851853
2017-01-30,171,1542.704,9.02166081871345,2.208830409356725
2017-01-31,167,1446.8,8.663473053892215,2.149710578842315
2017-02-01,178,1417.352,7.962651685393259,2.0579681647940076
2017-02-02,169,1555.987,9.207023668639053,2.2425476660092043
2017-02-03,173,1454.046,8.404890173410404,2.0305908798972383
2017-02-04,147,1332.312,9.06334693877551,1.9670634920634922
2017-02-05,115,1069.312,9.298365217391304,2.2551666666666663
2017-02-06,163,1389.78,8.526257668711656,2.1007072256305386
2017-02-07,156,1431.219,9.174480769230769,2.3431463675213675
2017-02-08,176,1441.548,8.190613636363636,2.0281376262626263
2017-02-09,158,1304.098,8.253784810126582,2.1012482419127987
2017-02-10,173,1447.563,8.367416184971098,2.0532498394348107
2017-02-11,150,1280.5330000000001,8.536886666666668,1.9146481481481483
2017-02-12,125,1183.908,9.471264,2.099068888888889
2017-02-13,173,1613.171,9.324687861271677,2.2541425818882463
2017-02-14,169,1425.352,8.434035502958581,2.09284516765286
2017-02-15,163,1372.538,8.420478527607361,2.1309406952965233
2017-02-16,154,1274.955,8.27892857142857,2.054630230880231
2017-02-17,150,1336.283,8.908553333333332,2.1615314814814814
2017-02-18,136,1180.343,8.678992647058823,2.043053513071895
2017-02-19,122,1095.062,8.975918032786884,1.9049908925318761
2017-02-20,108,1102.306,10.206537037037037,2.3534027777777777
2017-02-21,147,1334.539,9.078496598639456,2.231912320483749
2017-02-22,156,1475.179,9.456275641025641,2.268198005698006
2017-02-23,156,1472.199,9.437173076923077,2.3137268518518517
2017-02-24,160,1385.58,8.659875,2.111498263888889
2017-02-25,143,1172.144,8.19681118881119,1.9176010101010101
2017-02-26,129,1027.218,7.96293023255814,1.7917097329888028
2017-02-27,163,1537.256,9.431018404907975,2.228941717791411
2017-02-28,152,1462.811,9.623756578947368,2.237311769005848
2017-03-01,155,1281.743,8.269309677419354,2.085808243727598
2017-03-02,160,1347.399,8.421243749999999,2.106854166666667
2017-03-03,168,1379.119,8.209041666666666,2.017741402116402
2017-03-04,135,1178.166,8.727155555555555,2.04701646090535
2017-03-05,134,1129.744,8.430925373134327,1.899865257048093
2017-03-06,159,1514.501,9.525163522012578,2.2787718378756114
2017-03-07,159,1331.949,8.377037735849058,2.16
2017-03-08,167,1457.097,8.725131736526945,2.110036593479707
2017-03-09,146,1337.911,9.16377397260274,2.2766647640791478
2017-03-10,163,1468.41,9.008650306748466,2.166174164962509
2017-03-11,138,1156.112,8.377623188405797,1.827872383252818
2017-03-12,135,1035.477,7.6702,1.6634814814814813
2017-03-13,160,1544.775,9.654843750000001,2.2595260416666667
2017-03-14,155,1412.881,9.115361290322582,2.2660232974910395
2017-03-15,170,1354.218,7.965988235294118,2.0364411764705883
2017-03-16,160,1337.534,8.3595875,2.066463541666667
2017-03-17,164,1543.385,9.410884146341463,2.2304996612466126
2017-03-18,130,1038.803,7.990792307692309,1.901679487179487
2017-03-19,119,1142.695,9.602478991596637,2.1241666666666665
2017-03-20,163,1470.498,9.021460122699386,2.1434032038173143
2017-03-21,155,1407.748,9.082245161290324,2.1991290322580648
2017-03-22,176,1503.267,8.541289772727273,2.0640593434343435
2017-03-23,164,1476.975,9.00594512195122,2.202837059620596
2017-03-24,143,1395.876,9.76137062937063,2.3197746697746697
2017-03-25,151,1238.028,8.198860927152317,1.9236129506990436
2017-03-26,123,1166.704,9.48539837398374,2.185106142728094
2017-03-27,171,1571.663,9.191011695906433,2.1864814814814815
2017-03-28,162,1576.229,9.729808641975309,2.370001714677641
2017-03-29,171,1461.583,8.547269005847953,2.017441520467836
2017-03-30,171,1497.271,8.755970760233918,2.177270955165692
2017-03-31,169,1586.593,9.38812426035503,2.1946942800788953
2017-04-01,130,1013.78,7.798307692307692,1.7451346153846155
2017-04-02,125,1112.36,8.898879999999998,1.9960333333333333
2017-04-03,147,1450.871,9.86987074829932,2.3780102040816327
2017-04-04,146,1413.679,9.682732876712329,2.3703272450532724
2017-04-05,154,1277.004,8.292233766233766,2.0432900432900434
2017-04-06,141,1293.922,9.176751773049645,2.226869582348306
2017-04-07,154,1477.299,9.59285064935065,2.3545165945165945
2017-04-08,125,1240.263,9.922104,2.0893355555555555
2017-04-09,125,1058.4,8.4672,1.9387888888888887
2017-04-10,154,1442.996,9.370103896103897,2.332391774891775
2017-04-11,157,1500.4759999999999,9.557171974522293,2.2958457183297947
2017-04-12,166,1473.189,8.874632530120483,2.108930722891566
2017-04-13,164,1401.508,8.545780487804878,2.2069698509485094
2017-04-14,175,1577.883,9.016474285714287,2.1691809523809527
2017-04-15,135,1257.181,9.312451851851852,2.0115185185185185
2017-04-16,111,941.943,8.485972972972974,2.0168643643643644
2017-04-17,156,1457.554,9.343294871794873,2.216141381766382
2017-04-18,173,1489.305,8.608699421965317,2.0956342324983943
2017-04-19,175,1487.4759999999999,8.499862857142856,2.097161904761905
2017-04-20,150,1359.53,9.063533333333334,2.11525
2017-04-21,162,1588.472,9.805382716049383,2.3539506172839504
2017-04-22,133,983.341,7.393541353383458,1.7339724310776943
2017-04-23,138,1084.203,7.856543478260869,1.7981199677938808
2017-04-24,161,1509.087,9.373211180124224,2.2562836438923393
2017-04-25,157,1411.178,8.9883949044586,2.156173036093418
2017-04-26,165,1407.103,8.52789696969697,2.13279797979798
2017-04-27,163,1488.997,9.1349509202454,2.2260838445807773
2017-04-28,163,1545.1,9.479141104294477,2.1899659168370826
2017-04-29,136,1178.248,8.663588235294117,1.9758680555555557
2017-04-30,127,1116.893,8.794433070866141,1.9392300962379703
2017-05-01,158,1487.835,9.416677215189873,2.259678270042194
2017-05-02,164,1500.016,9.146439024390244,2.2170477642276425
2017-05-03,180,1619.07,8.994833333333332,2.1399768518518516
2017-05-04,155,1372.967,8.857851612903227,2.171573476702509
2017-05-05,171,1548.792,9.057263157894736,2.055934048083171
2017-05-06,144,1281.758,8.901097222222223,1.945354938271605
2017-05-07,136,1227.763,9.027669117647058,1.9817647058823529
2017-05-08,170,1618.164,9.518611764705883,2.1898088235294115
2017-05-09,169,1612.869,9.543603550295858,2.2046893491124258
2017-05-10,173,1500.916,8.675815028901734,2.0224983943481054
2017-05-11,177,1590.342,8.984983050847458,2.1220386064030134
2017-05-12,179,1509.506,8.432994413407823,1.9931052141527001
2017-05-13,164,1240.119,7.561701219512194,1.749129403794038
2017-05-14,139,1088.896,7.83378417266187,1.7365207833733014
2017-05-15,176,1786.4,10.15,2.406333648989899
2017-05-16,182,1591.944,8.746945054945055,2.0423443223443223
2017-05-17,178,1552.612,8.722539325842696,2.0742696629213486
2017-05-18,170,1539.194,9.054082352941176,2.209656862745098
2017-05-19,164,1534.896,9.359121951219512,2.158192750677507
2017-05-20,136,1223.17,8.99389705882353,1.9728533496732026
2017-05-21,141,1127.708,7.997929078014185,1.7951891252955083
2017-05-22,150,1529.894,10.199293333333333,2.4392722222222223
2017-05-23,177,1582.844,8.942621468926554,2.127598870056497
2017-05-24,167,1539.711,9.21982634730539,2.1434680638722554
2017-05-25,173,1651.821,9.548098265895954,2.2247013487475917
2017-05-26,169,1803.766,10.673171597633136,2.381507232084155
2017-05-27,138,1062.313,7.697920289855073,1.774440418679549
2017-05-28,117,869.599,7.432470085470086,1.764698480531814
2017-05-29,115,1156.442,10.056017391304348,2.150975845410628
2017-05-30,174,1701.564,9.779103448275862,2.236925287356322
2017-05-31,176,1513.553,8.599732954545455,2.0944949494949494
2017-06-01,162,1675.007,10.339549382716049,2.415778463648834
2017-06-02,174,1578.927,9.074293103448275,2.0956417624521073
2017-06-03,140,1224.567,8.746907142857143,1.9684603174603175
2017-06-04,126,1209.411,9.5985,2.0942967372134036
2017-06-05,150,1647.675,10.984499999999999,2.5693462962962963
2017-06-06,175,1514.1,8.652,2.073225396825397
2017-06-07,170,1454.169,8.553935294117647,2.127468954248366
2017-06-08,156,1289.823,8.268096153846155,2.0369747150997153
2017-06-09,154,1373.764,8.920545454545454,2.107579365079365
2017-06-10,137,1164.643,8.501043795620438,1.9744626926196267
2017-06-11,115,1026.693,8.927765217391304,1.9213502415458938
2017-06-12,164,1557.939,9.499628048780488,2.2560789295392953
2017-06-13,168,1527.302,9.091083333333334,2.131106150793651
2017-06-14,185,1652.655,8.93327027027027,2.126177177177177
2017-06-15,170,1536.283,9.036958823529412,2.1278872549019607
2017-06-16,176,1568.884,8.914113636363636,2.124906881313131
2017-06-17,131,1131.462,8.637114503816793,1.9971861747243425
2017-06-18,133,1159.266,8.716285714285714,2.0276482873851296
2017-06-19,161,1548.952,9.620819875776398,2.27333850931677
2017-06-20,176,1555.435,8.837698863636364,2.2370722853535354
2017-06-21,176,1532.247,8.705948863636364,2.136422032828283
2017-06-22,172,1613.077,9.378354651162791,2.249547803617571
2017-06-23,177,1560.022,8.813683615819208,2.03539077212806
2017-06-24,126,1173.784,9.315746031746032,1.965729717813051
2017-06-25,125,1059.631,8.477048,1.990868888888889
2017-06-26,172,1573.258,9.146848837209303,2.1119896640826874
2017-06-27,174,1693.9950000000001,9.735603448275862,2.2544364623243935
2017-06-28,177,1527.903,8.632220338983052,1.9656512868801004
2017-06-29,172,1762.287,10.24585465116279,2.38453649870801
2017-06-30,154,1576.29,10.23564935064935,2.418326118326118
2017-07-01,133,1131.947,8.51087969924812,1.9239933166248957
2017-07-02,116,1038.958,8.956534482758622,1.903903256704981
2017-07-03,144,1270.148,8.820472222222222,2.022829861111111
2017-07-04,90,803.833,8.931477777777777,1.9717777777777779
2017-07-05,153,1473.712,9.632104575163398,2.24989651416122
2017-07-06,175,1639.4859999999999,9.368491428571428,2.161465079365079
2017-07-07,168,1552.148,9.23897619047619,2.1843204365079365
2017-07-08,140,1364.007,9.742907142857144,2.180232142857143
2017-07-09,137,1094.118,7.986262773722627,1.7840267639902676
2017-07-10,175,1686.551,9.637434285714285,2.226785714285714
2017-07-11,191,1671.46,8.75109947643979,2.1241564863292615
2017-07-12,188,1719.82,9.147978723404256,2.1224719267139482
2017-07-13,178,1623.456,9.120539325842696,2.1659815855181024
2017-07-14,181,1631.357,9.013022099447515,2.0830003069367713
2017-07-15,133,1103.347,8.295842105263159,1.9321428571428574
2017-07-16,128,1062.827,8.3033359375,1.8171940104166666
2017-07-17,181,1675.68,9.257900552486188,2.1559284837323514
2017-07-18,181,1736.352,9.593104972375691,2.303997851442603
2017-07-19,193,1664.821,8.62601554404145,2.0621704087507196
2017-07-20,185,1760.981,9.518816216216216,2.262105105105105
2017-07-21,186,1754.802,9.43441935483871,2.124428016726404
2017-07-22,167,1415.284,8.474754491017965,1.9043962075848304
2017-07-23,125,1093.347,8.746776,1.9235577777777777
2017-07-24,158,1515.392,9.591088607594937,2.1824015471167373
2017-07-25,170,1611.643,9.48025294117647,2.2151683006535947
2017-07-26,172,1535.829,8.929238372093023,2.1531023901808783
2017-07-27,170,1545.921,9.09365294117647,2.1141601307189544
2017-07-28,186,1607.718,8.643645161290323,2.040519713261649
2017-07-29,140,1147.077,8.193407142857144,1.7602678571428572
2017-07-30,117,1084.503,9.269256410256409,2.0404344729344728
2017-07-31,173,1585.338,9.163803468208092,2.1013326910725754
2017-08-01,108,861.275,7.974768518518518,1.870491255144033
2017-08-02,128,1032.783,8.0686171875,1.8918684895833333
2017-08-03,130,1057.15,8.131923076923078,1.8438931623931625
2017-08-04,136,955.512,7.025823529411764,1.6610927287581698
2017-08-05,97,615.96,6.350103092783505,1.3930269186712485
2017-08-06,92,670.438,7.287369565217391,1.6144927536231883
2017-08-07,108,877.436,8.124407407407407,1.8411342592592592
2017-08-08,122,940.392,7.708131147540984,1.84985883424408
2017-08-09,116,816.836,7.041689655172414,1.6409889846743295
2017-08-10,129,1070.842,8.301100775193799,1.9150172265288545
2017-08-11,124,894.288,7.212,1.8165143369175627
2017-08-12,87,674.835,7.756724137931035,1.6752330779054916
2017-08-13,100,719.491,7.19491,1.604463888888889
2017-08-14,107,788.042,7.364878504672897,1.7767964693665628
2017-08-15,114,842.103,7.386868421052631,1.8046003898635476
2017-08-16,139,1016.99,7.316474820143885,1.7765227817745803
2017-08-17,116,871.354,7.511672413793104,1.780692049808429
2017-08-18,129,917.264,7.110573643410853,1.6317635658914729
2017-08-19,96,621.939,6.47853125,1.4362991898148147
2017-08-20,93,665.135,7.151989247311828,1.5688440860215054
2017-08-21,96,814.674,8.4861875,2.0023871527777777
2017-08-22,106,772.039,7.28338679245283,1.802059748427673
2017-08-23,115,893.23,7.767217391304348,1.911719806763285
2017-08-24,113,917.433,8.11887610619469,1.8940535889872174
2017-08-25,124,888.014,7.161403225806452,1.6416129032258064
2017-08-26,116,924.9399999999999,7.973620689655172,1.695471743295019
2017-08-27,99,756.217,7.6385555555555555,1.652469135802469
2017-08-28,109,847.562,7.775798165137615,1.90532874617737
2017-08-29,93,776.344,8.34778494623656,2.017153524492234
2017-08-30,129,1000.93,7.759147286821705,1.8131804478897502
2017-08-31,118,892.616,7.5645423728813554,1.8280626177024482
2017-09-01,125,986.179,7.889432,1.7909644444444444
2017-09-02,85,597.954,7.03475294117647,1.5629313725490195
2017-09-03,81,577.13,7.125061728395061,1.5422153635116598
2017-09-04,55,430.57099999999997,7.8285636363636355,1.7142777777777778
2017-09-05,106,843.329,7.95593396226415,1.810738993710692
2017-09-06,100,834.365,8.34365,2.0029861111111114
2017-09-07,117,854.677,7.304931623931624,1.728962488129155
2017-09-08,124,959.741,7.739846774193548,1.81744623655914
2017-09-09,89,606.806,6.818044943820225,1.5660205992509364
2017-09-10,85,690.77,8.12670588235294,1.7295098039215686
2017-09-11,91,758.723,8.337615384615384,1.9579456654456653
2017-09-12,107,856.047,8.000439252336449,1.8483696780893044
2017-09-13,118,886.104,7.50935593220339,1.8273799435028248
2017-09-14,115,870.698,7.571286956521739,1.8554178743961354
2017-09-15,132,1006.338,7.623772727272727,1.7933775252525253
2017-09-16,106,874.619,8.251122641509435,1.6955136268343818
2017-09-17,92,686.62,7.463260869565217,1.6183635265700484
2017-09-18,108,921.564,8.533,1.9243338477366254
2017-09-19,124,939.439,7.576120967741935,1.7590681003584228
2017-09-20,126,1129.247,8.962277777777778,2.0511067019400353
2017-09-21,114,939.993,8.245552631578947,1.9731481481481483
2017-09-22,126,910.942,7.229698412698413,1.7406393298059966
2017-09-23,111,849.255,7.650945945945946,1.6983533533533532
2017-09-24,91,699.0360000000001,7.681714285714286,1.6227991452991453
2017-09-25,124,914.065,7.3714919354838715,1.736861559139785
2017-09-26,115,868.502,7.552191304347826,1.8052415458937199
2017-09-27,119,901.556,7.576100840336135,1.8686251167133519
2017-09-28,124,856.987,6.911185483870968,1.7320967741935485
2017-09-29,129,966.522,7.492418604651164,1.760099052540913
2017-09-30,105,813.592,7.748495238095238,1.6248650793650792
2017-10-01,97,643.261,6.631556701030927,1.4856156930126003
2017-10-02,119,997.608,8.38326050420168,1.9969187675070028
2017-10-03,120,1095.606,9.13005,2.0423217592592593
2017-10-04,130,1124.387,8.64913076923077,2.032207264957265
2017-10-05,122,914.258,7.493918032786886,1.6898178506375228
2017-10-06,110,797.256,7.247781818181818,1.737280303030303
2017-10-07,84,567.286,6.753404761904761,1.52317791005291
2017-10-08,82,640.705,7.8134756097560985,1.6562737127371272
2017-10-09,106,723.451,6.825009433962264,1.6138941299790357
2017-10-10,133,1108.828,8.337052631578947,1.8804448621553884
2017-10-11,113,923.507,8.17262831858407,1.970039331366765
2017-10-12,127,1085.661,8.548511811023623,2.0329046369203847
2017-10-13,125,1077.445,8.61956,1.9239111111111111
2017-10-14,92,617.527,6.71225,1.5751147342995169
2017-10-15,84,561.656,6.686380952380952,1.499675925925926
2017-10-16,117,987.292,8.438393162393163,1.969900284900285
2017-10-17,118,1011.617,8.573025423728813,1.9838959510357816
2017-10-18,109,934.104,8.569761467889908,1.9924490316004078
2017-10-19,134,1005.563,7.504201492537313,1.7867247097844112
2017-10-20,108,931.8389999999999,8.628138888888888,1.9571347736625515
2017-10-21,97,649.558,6.696474226804123,1.5508591065292097
2017-10-22,81,627.465,7.7464814814814815,1.7355212620027434
2017-10-23,101,758.821,7.513079207920792,1.8901732673267326
2017-10-24,103,806.01,7.825339805825243,1.864581984897519
2017-10-25,125,1003.937,8.031496,1.8227688888888889
2017-10-26,111,977.858,8.809531531531531,2.071771771771772
2017-10-27,110,915.765,8.325136363636364,1.815290404040404
2017-10-28,94,600.6990000000001,6.390414893617022,1.4137381796690307
2017-10-29,76,587.794,7.734131578947368,1.6963048245614034
2017-10-30,109,917.051,8.413311926605505,1.8942227319062181
2017-10-31,99,783.112,7.910222222222222,1.9267957351290683
2017-11-01,118,988.494,8.37706779661017,2.009406779661017
2017-11-02,123,1101.39,8.95439024390244,2.1052371273712738
2017-11-03,132,1076.494,8.155257575757576,1.8937184343434343
2017-11-04,97,712.005,7.340257731958763,1.6163201603665522
2017-11-05,92,686.253,7.459271739130435,1.6599667874396133
2017-11-06,101,814.535,8.064702970297029,1.9284543454345435
2017-11-07,123,1101.112,8.952130081300814,2.1265627822944895
2017-11-08,122,980.821,8.039516393442623,1.9802413479052823
2017-11-09,125,1083.173,8.665384,1.9504066666666668
2017-11-10,125,985.988,7.887904000000001,1.8340955555555556
2017-11-11,103,799.9639999999999,7.766640776699028,1.718400755124056
2017-11-12,100,760.917,7.609170000000001,1.663738888888889
2017-11-13,112,831.153,7.421008928571429,1.8000099206349207
2017-11-14,127,1046.246,8.238157480314962,1.942405949256343
2017-11-15,136,1099.172,8.08214705882353,1.8500571895424838
2017-11-16,119,942.23,7.9178991596638655,1.8907282913165266
2017-11-17,126,934.258,7.414746031746032,1.7296913580246913
2017-11-18,76,571.602,7.52107894736842,1.6450328947368422
2017-11-19,83,662.361,7.980253012048193,1.848731593038822
2017-11-20,110,895.89,8.144454545454545,1.9242979797979798
2017-11-21,114,920.42,8.073859649122806,1.9999975633528266
2017-11-22,92,707.011,7.684902173913043,1.7618780193236714
2017-11-23,31,308.368,9.947354838709677,2.127885304659498
2017-11-24,42,289.02,6.881428571428571,1.5446626984126983
2017-11-25,79,611.878,7.745291139240507,1.7057102672292543
2017-11-26,58,496.326,8.557344827586208,1.9607327586206895
2017-11-27,97,858.435,8.849845360824741,2.2057159221076748
2017-11-28,123,1089.748,8.859739837398374,2.0709981933152664
2017-11-29,129,1024.201,7.939542635658915,1.9057342807924205
2017-11-30,118,925.265,7.841228813559322,1.9990018832391714
2017-12-01,133,1103.5339999999999,8.29724812030075,1.91109440267335
2017-12-02,104,726.519,6.985759615384615,1.537318376068376
2017-12-03,91,714.688,7.853714285714285,1.783605006105006
2017-12-04,114,1039.881,9.121763157894737,2.1597685185185185
2017-12-05,116,1147.547,9.892646551724138,2.324659961685824
2017-12-06,136,1176.335,8.64952205882353,2.0845383986928105
2017-12-07,136,1063.0049999999999,7.816213235294117,1.9135130718954247
2017-12-08,128,986.5699999999999,7.7075781249999995,1.8975889756944444
2017-12-09,97,790.926,8.153876288659795,1.7943528064146619
2017-12-10,87,739.658,8.501816091954023,1.9871040868454661
2017-12-11,122,959.98,7.868688524590164,1.8583378870673954
2017-12-12,128,1032.539,8.0667109375,1.9880859375
2017-12-13,125,1055.314,8.442512,2.062826666666667
2017-12-14,139,1212.209,8.720928057553957,1.9674560351718626
2017-12-15,131,1056.591,8.065580152671755,1.8731870229007632
2017-12-16,86,647.357,7.527406976744186,1.5935239018087854
2017-12-17,78,488.95,6.268589743589743,1.3693625356125356
2017-12-18,119,1004.167,8.438378151260505,2.029969654528478
2017-12-19,121,1070.918,8.850561983471074,2.1315472910927458
2017-12-20,129,1116.068,8.65168992248062,2.097538759689922
2017-12-21,129,1065.48,8.25953488372093,1.9544078380706287
2017-12-22,105,886.427,8.442161904761905,1.96339417989418
2017-12-23,71,573.45,8.076760563380283,1.6538106416275429
2017-12-24,43,337.69,7.8532558139534885,1.8839599483204132
2017-12-25,26,267.214,10.277461538461539,2.1940277777777775
2017-12-26,62,463.029,7.468209677419355,1.7418682795698925
2017-12-27,80,649.523,8.119037500000001,2.0361493055555555
2017-12-28,78,691.055,8.859679487179486,2.0183368945868945
2017-12-29,70,541.185,7.731214285714285,1.8222103174603175
2017-12-30,58,627.1030000000001,10.812120689655174,2.1634530651340995
2017-12-31,47,432.998,9.21272340425532,1.9325
2018-01-01,46,403.727,8.776673913043478,1.7964673913043478
2018-01-02,88,849.6610000000001,9.655238636363636,2.13114898989899
2018-01-03,102,846.0360000000001,8.294470588235294,1.9314624183006535
2018-01-04,110,1043.929,9.490263636363638,2.2315050505050507
2018-01-05,101,905.876,8.969069306930693,1.9571534653465348
2018-01-06,79,612.268,7.750227848101266,1.6966279887482418
2018-01-07,85,792.0600000000001,9.318352941176471,1.956359477124183
2018-01-08,104,903.555,8.688028846153845,2.0614930555555557
2018-01-09,109,972.013,8.917550458715597,2.1309709480122323
2018-01-10,121,1009.892,8.346214876033057,2.035941230486685
2018-01-11,122,1101.762,9.03083606557377,2.082795992714025
2018-01-12,121,1094.3,9.043801652892562,2.0220592286501375
2018-01-13,106,718.341,6.776801886792453,1.3650445492662473
2018-01-14,83,702.475,8.46355421686747,1.9308734939759036
2018-01-15,102,809.577,7.937029411764706,1.8547657952069716
2018-01-16,118,1064.121,9.017974576271188,2.147834274952919
2018-01-17,134,1161.334,8.666671641791046,2.097070895522388
2018-01-18,128,1117.023,8.7267421875,2.0394596354166667
2018-01-19,133,1153.529,8.67315037593985,2.031637426900585
2018-01-20,106,790.922,7.461528301886792,1.704525681341719
2018-01-21,89,710.957,7.988280898876404,1.6689700374531835
2018-01-22,116,1061.105,9.147456896551724,2.1337547892720305
2018-01-23,125,1066.91,8.53528,2.0372755555555555
2018-01-24,138,1197.417,8.676934782608695,1.9930897745571658
2018-01-25,140,1160.109,8.286492857142857,1.9609841269841268
2018-01-26,126,1108.932,8.801047619047619,2.094477513227513
2018-01-27,118,853.097,7.229635593220339,1.6578860640301318
2018-01-28,93,878.53,9.446559139784945,1.9065501792114696
2018-01-29,110,914.325,8.312045454545455,1.9183989898989897
2018-01-30,129,1108.266,8.591209302325582,1.975297157622739
2018-01-31,123,1078.357,8.767130081300813,2.0988821138211384
2018-02-01,119,1094.816,9.200134453781512,2.076031746031746
2018-02-02,126,1073.769,8.52197619047619,2.01689594356261
2018-02-03,94,822.621,8.751287234042554,1.7965277777777777
2018-02-04,55,406.634,7.393345454545455,1.6394444444444445
2018-02-05,104,792.9590000000001,7.62460576923077,1.969604700854701
2018-02-06,117,1028.638,8.791777777777778,2.102516619183286
2018-02-07,126,1048.367,8.320373015873015,1.9574029982363317
2018-02-08,128,1016.273,7.9396328125,1.8742491319444445
2018-02-09,133,1067.817,8.0286992481203,1.9242418546365914
2018-02-10,86,579.228,6.735209302325581,1.485578165374677
2018-02-11,79,556.021,7.038240506329114,1.4876687763713081
2018-02-12,119,1012.001,8.504210084033613,2.0056839402427635
2018-02-13,133,1105.834,8.31454135338346,1.9590267335004177
2018-02-14,137,1248.589,9.113788321167883,2.034154501216545
2018-02-15,128,1067.853,8.3426015625,2.0135438368055554
2018-02-16,137,1285.594,9.38389781021898,2.085819140308191
2018-02-17,82,533.467,6.505695121951219,1.4881808943089432
2018-02-18,74,533.784,7.213297297297297,1.6583521021021022
2018-02-19,83,600.404,7.23378313253012,1.5627510040160644
2018-02-20,112,965.909,8.6241875,2.080208333333333
2018-02-21,127,1155.146,9.09563779527559,2.1624562554680664
2018-02-22,123,1198.875,9.746951219512194,2.1725316169828366
2018-02-23,111,912.517,8.220873873873874,1.942605105105105
2018-02-24,100,747.5600000000001,7.475600000000001,1.6767111111111113
2018-02-25,71,644.462,9.076929577464789,1.9412949921752738
2018-02-26,103,879.42,8.538058252427184,2.122812837108954
2018-02-27,123,1110.681,9.029926829268293,2.18843044263776
2018-02-28,133,1125.855,8.465075187969925,1.9822284878863827
2018-03-01,126,1051.106,8.34211111111111,1.9480335097001764
2018-03-02,135,1083.446,8.025525925925924,1.8570843621399176
2018-03-03,82,705.968,8.609365853658536,1.9227168021680219
2018-03-04,80,551.276,6.890949999999999,1.4788611111111112
2018-03-05,113,976.528,8.641840707964603,2.0259414945919367
2018-03-06,127,1066.358,8.396519685039369,1.9714348206474193
2018-03-07,145,1286.902,8.875186206896553,2.2295459770114943
2018-03-08,129,1042.954,8.08491472868217,1.8394422911283377
2018-03-09,132,1093.494,8.284045454545454,1.867415824915825
2018-03-10,88,584.671,6.643988636363637,1.5048642676767676
2018-03-11,75,428.974,5.7196533333333335,1.3378185185185185
2018-03-12,101,897.599,8.887118811881189,1.9800962596259626
2018-03-13,129,1074.3319999999999,8.32815503875969,1.9416946597760552
2018-03-14,142,1212.494,8.53869014084507,1.990044992175274
2018-03-15,128,1089.676,8.51309375,2.0037630208333335
2018-03-16,124,1198.124,9.662290322580645,2.164695340501792
2018-03-17,113,841.726,7.448902654867257,1.592799901671583
2018-03-18,95,686.454,7.225831578947368,1.5367280701754387
2018-03-19,111,1023.817,9.223576576576576,2.14283033033033
2018-03-20,104,977.655,9.400528846153845,2.1555315170940172
2018-03-21,149,1194.879,8.019322147651007,1.8757997762863534
2018-03-22,131,1117.434,8.530030534351145,2.0005195080576756
2018-03-23,151,1420.002,9.403986754966887,2.098611111111111
2018-03-24,100,869.561,8.69561,1.7745333333333333
2018-03-25,92,718.276,7.807347826086956,1.6850573671497584
2018-03-26,131,1158.491,8.843442748091602,2.0355470737913484
2018-03-27,129,1097.922,8.511023255813953,1.9234582256675279
2018-03-28,141,1181.715,8.38095744680851,1.9393794326241134
2018-03-29,146,1211.664,8.299068493150685,2.006097792998478
2018-03-30,130,1072.13,8.247153846153847,1.9071858974358975
2018-03-31,95,734.68,7.733473684210526,1.6073567251461989
2018-04-01,61,436.712,7.159213114754098,1.577764116575592
2018-04-02,100,807.2139999999999,8.07214,2.027013888888889
2018-04-03,121,950.748,7.857421487603307,1.9016735537190081
2018-04-04,124,1023.222,8.251790322580645,1.9976814516129033
2018-04-05,133,1141.743,8.584533834586466,1.9999728487886381
2018-04-06,120,957.663,7.980525,1.8163541666666667
2018-04-07,82,691.112,8.42819512195122,1.8337364498644986
2018-04-08,87,764.088,8.782620689655172,1.765903575989783
2018-04-09,105,809.718,7.7116,1.88644708994709
2018-04-10,137,1252.635,9.143321167883212,2.0551277372262775
2018-04-11,141,1210.183,8.582858156028369,2.0695902285263985
2018-04-12,131,1106.232,8.444519083969466,1.9601335877862593
2018-04-13,134,1152.491,8.600679104477612,1.8953378938640133
2018-04-14,90,767.604,8.528933333333335,1.7494537037037037
2018-04-15,104,712.6,6.851923076923077,1.5270753205128205
2018-04-16,114,1009.436,8.854701754385966,2.0148635477582846
2018-04-17,129,1212.065,9.395852713178295,2.082909130060293
2018-04-18,119,908.692,7.636067226890757,1.8785714285714286
2018-04-19,137,1254.396,9.156175182481752,2.0472161394971615
2018-04-20,116,1074.1,9.259482758620688,2.0360799808429118
2018-04-21,91,563.143,6.188384615384615,1.391492673992674
2018-04-22,93,733.169,7.883537634408602,1.6402180406212665
2018-04-23,105,931.411,8.870580952380951,2.053367724867725
2018-04-24,139,1069.3,7.692805755395683,1.7892026378896881
2018-04-25,145,1303.737,8.991289655172414,2.0121436781609194
2018-04-26,125,1043.287,8.346296,1.8995799999999998
2018-04-27,115,1051.142,9.140365217391304,1.96
2018-04-28,90,776.491,8.627677777777778,1.875888888888889
2018-04-29,103,812.679,7.890087378640777,1.6897680690399137
2018-04-30,132,1144.464,8.670181818181817,2.0055913299663297
2018-05-01,148,1298.673,8.774817567567567,2.0707113363363363
2018-05-02,147,1279.662,8.705183673469389,2.0139210128495844
2018-05-03,144,1151.095,7.993715277777778,1.8732908950617282
2018-05-04,148,1238.212,8.366297297297297,1.8929316816816817
2018-05-05,111,810.295,7.299954954954955,1.5898223223223222
2018-05-06,82,709.186,8.648609756097562,1.7827676151761516
2018-05-07,127,1122.44,8.838110236220473,2.087305336832896
2018-05-08,126,1060.944,8.420190476190475,1.9313359788359787
2018-05-09,144,1172.328,8.141166666666667,1.9276813271604938
2018-05-10,133,1066.463,8.018518796992481,1.9321971595655807
2018-05-11,169,1436.464,8.499786982248521,1.9977087442472057
2018-05-12,101,600.823,5.948742574257426,1.3880995599559955
2018-05-13,92,743.442,8.080891304347826,1.6965791062801931
2018-05-14,128,1096.4,8.565625,1.966443142361111
2018-05-15,147,1250.695,8.50812925170068,1.9430725623582765
2018-05-16,138,1188.894,8.615173913043478,1.9885567632850243
2018-05-17,166,1391.279,8.381198795180723,1.919524765729585
2018-05-18,146,1143.653,7.833239726027397,1.7423116438356163
2018-05-19,102,837.646,8.21221568627451,1.717516339869281
2018-05-20,75,581.066,7.7475466666666675,1.7165296296296295
2018-05-21,126,1067.507,8.472277777777778,2.00765873015873
2018-05-22,139,1146.836,8.250618705035972,1.8940087929656277
2018-05-23,155,1271.595,8.20383870967742,1.9510716845878135
2018-05-24,157,1265.768,8.062216560509555,1.8426645435244162
2018-05-25,137,1172.013,8.554839416058394,1.9385137875101381
2018-05-26,79,648.163,8.204594936708862,1.7036111111111112
2018-05-27,76,641.711,8.443565789473684,1.7892361111111112
2018-05-28,67,594.528,8.87355223880597,1.8050124378109453
2018-05-29,150,1196.114,7.974093333333333,1.8531592592592594
2018-05-30,150,1270.658,8.471053333333332,1.9786425925925926
2018-05-31,159,1308.461,8.229314465408805,1.9392348008385742
2018-06-01,142,1219.21,8.585985915492959,1.9595285602503911
2018-06-02,105,903.004,8.600038095238096,1.7822195767195768
2018-06-03,85,616.21,7.249529411764707,1.5290294117647059
2018-06-04,123,1145.873,9.316040650406505,2.038125564588979
2018-06-05,140,1043.001,7.450007142857142,1.7857777777777777
2018-06-06,124,1065.809,8.595233870967741,2.0367629928315414
2018-06-07,164,1406.838,8.578280487804879,1.9358418021680217
2018-06-08,140,1023.794,7.3128142857142855,1.766656746031746
2018-06-09,101,669.943,6.63309900990099,1.5999119911991198
2018-06-10,92,643.063,6.989815217391304,1.553955314009662
2018-06-11,129,1009.484,7.825457364341085,1.8107622739018088
2018-06-12,150,1262.975,8.419833333333333,1.954838888888889
2018-06-13,142,1269.288,8.938647887323944,2.145841158059468
2018-06-14,159,1263.766,7.948213836477988,1.8281865828092243
2018-06-15,151,1168.824,7.740556291390729,1.7503881530537162
2018-06-16,87,671.032,7.713011494252874,1.6619572158365261
2018-06-17,97,613.716,6.326969072164949,1.4566781214203894
2018-06-18,119,932.721,7.8379915966386555,1.8988281979458452
2018-06-19,141,1223.176,8.67500709219858,1.9998837667454687
2018-06-20,148,1291.066,8.723418918918918,1.951325075075075
2018-06-21,138,1264.557,9.16345652173913,1.9964029790660227
2018-06-22,143,1155.7069999999999,8.081867132867131,1.8493181818181816
2018-06-23,102,953.162,9.344725490196078,1.9132434640522877
2018-06-24,80,510.692,6.38365,1.4552951388888888
2018-06-25,131,957.097,7.306083969465648,1.6898600508905852
2018-06-26,133,1032.786,7.765308270676692,1.8724979114452798
2018-06-27,129,1052.61,8.159767441860465,1.9380490956072352
2018-06-28,145,1141.464,7.8721655172413785,1.8159233716475094
2018-06-29,124,1029.226,8.300209677419355,1.93453853046595
2018-06-30,99,876.819,8.856757575757575,1.86266835016835
2018-07-01,80,581.948,7.27435,1.6065868055555554
2018-07-02,115,951.553,8.274373913043478,1.9060338164251207
2018-07-03,109,937.766,8.603357798165137,2.041223241590214
2018-07-04,51,469.26800000000003,9.201333333333334,2.004281045751634
2018-07-05,119,1056.201,8.875638655462184,2.0108660130718956
2018-07-06,118,1045.746,8.862254237288136,1.957208097928437
2018-07-07,93,608.946,6.547806451612903,1.4550388291517324
2018-07-08,89,798.826,8.975573033707866,1.89396379525593
2018-07-09,141,1203.815,8.537695035460994,1.9564814814814815
2018-07-10,160,1443.208,9.020050000000001,2.068081597222222
2018-07-11,150,1298.188,8.654586666666667,2.015938888888889
2018-07-12,132,1062.599,8.049992424242424,1.9056355218855219
2018-07-13,140,1276.304,9.116457142857143,2.094299603174603
2018-07-14,109,792.986,7.2751009174311925,1.541702344546381
2018-07-15,93,702.996,7.559096774193548,1.6042443249701315
2018-07-16,125,1197.859,9.582872,2.078322222222222
2018-07-17,138,1095.791,7.940514492753623,1.924518921095008
2018-07-18,132,1033.061,7.826219696969696,1.775195707070707
2018-07-19,140,1158.905,8.277892857142858,1.9710575396825398
2018-07-20,122,1011.162,8.288213114754098,1.9032081056466303
2018-07-21,94,581.975,6.19122340425532,1.44705378250591
2018-07-22,102,730.588,7.162627450980392,1.5661056644880174
2018-07-23,119,982.17,8.253529411764706,2.0258986928104576
2018-07-24,124,1092.431,8.809927419354839,1.9878360215053763
2018-07-25,127,938.62,7.390708661417323,1.7919575678040245
2018-07-26,126,1067.758,8.474269841269841,1.9951344797178132
2018-07-27,130,1182.217,9.093976923076923,1.9378504273504273
2018-07-28,106,747.905,7.055707547169811,1.531690251572327
2018-07-29,77,592.07,7.68922077922078,1.6123989898989899
2018-07-30,112,1008.788,9.007035714285715,2.030034722222222
2018-07-31,121,1022.533,8.450685950413224,1.9018732782369145
2018-08-01,132,1119.182,8.478651515151515,1.9545728114478116
2018-08-02,126,1025.973,8.142642857142857,1.9046825396825398
2018-08-03,124,991.734,7.997854838709678,1.7843525985663082
2018-08-04,86,682.6320000000001,7.937581395348838,1.6181524547803616
2018-08-05,91,719.7860000000001,7.9097362637362645,1.7435409035409035
2018-08-06,120,1076.231,8.968591666666667,2.1631851851851853
2018-08-07,128,1023.884,7.99909375,1.9327821180555556
2018-08-08,108,964.552,8.931037037037036,2.095303497942387
2018-08-09,143,1248.065,8.727727272727273,1.9757051282051281
2018-08-10,124,1123.421,9.059846774193549,2.023629032258065
2018-08-11,89,612.548,6.882561797752809,1.5395131086142324
2018-08-12,98,715.988,7.306000000000001,1.663577097505669
2018-08-13,115,1048.431,9.116791304347826,2.1334855072463768
2018-08-14,132,1079.48,8.177878787878788,1.905006313131313
2018-08-15,130,1038.934,7.9918,1.8322649572649574
2018-08-16,134,994.328,7.420358208955224,1.8831384742951909
2018-08-17,135,1113.651,8.249266666666667,1.9045534979423868
2018-08-18,99,744.389,7.519080808080808,1.6219528619528618
2018-08-19,102,766.664,7.516313725490196,1.6166666666666667
2018-08-20,102,970.0070000000001,9.509872549019608,2.142723311546841
2018-08-21,131,1134.9470000000001,8.663717557251909,1.9955279898218832
2018-08-22,134,1267.228,9.456925373134329,2.1557317578772803
2018-08-23,131,1049.123,8.00857251908397,1.8356361323155217
2018-08-24,128,1024.936,8.0073125,1.8158159722222222
2018-08-25,123,887.529,7.215682926829269,1.5196160794941285
2018-08-26,122,1091.925,8.950204918032787,1.8378005464480875
2018-08-27,121,1125.85,9.304545454545455,2.1160766758494027
2018-08-28,132,1077.547,8.163234848484848,2.001460437710438
2018-08-29,119,1079.919,9.074949579831934,2.11796685340803
2018-08-30,133,1108.494,8.334541353383457,1.9212656641604011
2018-08-31,128,1143.287,8.9319296875,1.9684309895833334
2018-09-01,76,674.287,8.872197368421054,1.8384576023391812
2018-09-02,96,736.412,7.670958333333334,1.6005844907407407
2018-09-03,60,468.521,7.808683333333334,1.725314814814815
2018-09-04,134,1245.676,9.296089552238806,2.131484245439469
2018-09-05,123,909.466,7.3940325203252035,1.8128635953026198
2018-09-06,128,1117.725,8.7322265625,2.0433506944444444
2018-09-07,134,1071.826,7.998701492537314,1.8008540630182421
2018-09-08,93,734.318,7.89589247311828,1.7740591397849463
2018-09-09,97,754.643,7.779824742268041,1.6487542955326462
2018-09-10,116,1060.631,9.143370689655173,2.0164391762452105
2018-09-11,120,1058.724,8.8227,2.056949074074074
2018-09-12,119,1115.92,9.37747899159664,2.107605042016807
2018-09-13,137,1073.34,7.834598540145985,1.8541788321167885
2018-09-14,128,1121.946,8.765203125,1.9127387152777777
2018-09-15,85,697.334,8.203929411764705,1.7445980392156861
2018-09-16,87,588.717,6.7668620689655175,1.456190932311622
2018-09-17,125,1089.551,8.716408,2.017055555555556
2018-09-18,128,1076.388,8.40928125,1.94814453125
2018-09-19,117,1077.933,9.213102564102565,2.118843779677113
2018-09-20,151,1303.443,8.63207284768212,1.924431567328918
2018-09-21,148,1214.7,8.207432432432432,1.792578828828829
2018-09-22,119,914.673,7.686327731092437,1.6270541549953315
2018-09-23,71,630.574,8.881323943661972,1.862445226917058
2018-09-24,113,1068.823,9.458610619469027,2.112015732546706
2018-09-25,120,1015.48,8.462333333333333,1.9966759259259261
2018-09-26,135,1197.869,8.873103703703704,1.9984279835390946
2018-09-27,120,1037.528,8.646066666666666,1.9754189814814815
2018-09-28,137,1074.436,7.842598540145985,1.717595296025953
2018-09-29,102,679.338,6.660176470588235,1.4939515250544662
2018-09-30,85,643.012,7.564847058823529,1.5556437908496732
2018-10-01,113,1041.376,9.215716814159292,2.1462389380530973
2018-10-02,127,1204.897,9.487377952755905,2.0642082239720034
2018-10-03,140,1341.909,9.585064285714287,2.0948234126984127
2018-10-04,136,1342.653,9.872448529411765,2.1861131535947713
2018-10-05,143,1256.778,8.788657342657343,1.8971678321678322
2018-10-06,92,704.199,7.654336956521739,1.612131642512077
2018-10-07,82,590.456,7.200682926829269,1.5521680216802167
2018-10-08,110,948.576,8.623418181818183,1.906229797979798
2018-10-09,129,1200.041,9.302643410852713,2.0905490956072352
2018-10-10,139,1127.858,8.114086330935251,1.8664408473221423
2018-10-11,147,1231.088,8.374748299319728,1.896653439153439
2018-10-12,138,1235.198,8.950710144927537,1.91585346215781
2018-10-13,95,723.311,7.6138,1.6891023391812867
2018-10-14,96,754.175,7.855989583333333,1.7911429398148149
2018-10-15,129,1099.958,8.526806201550388,1.970551248923342
2018-10-16,129,1169.659,9.067124031007753,2.11296511627907
2018-10-17,138,1149.487,8.329615942028987,1.9117351046698874
2018-10-18,154,1409.19,9.150584415584415,2.0515746753246753
2018-10-19,143,1179.394,8.24751048951049,1.8948445998445997
2018-10-20,100,839.078,8.39078,1.8215833333333333
2018-10-21,89,691.12,7.7653932584269665,1.6466885143570535
2018-10-22,121,964.85,7.973966942148761,1.825872359963269
2018-10-23,127,1170.047,9.212968503937008,2.123392388451444
2018-10-24,138,1320.749,9.570644927536232,2.1403079710144928
2018-10-25,142,1253.47,8.82725352112676,1.969152973395931
2018-10-26,154,1227.999,7.97401948051948,1.915102813852814
2018-10-27,103,738.627,7.171135922330096,1.5210032362459547
2018-10-28,116,978.802,8.43794827586207,1.7381968390804596
2018-10-29,115,1025.223,8.914982608695652,2.070427536231884
2018-10-30,128,1105.565,8.6372265625,1.9829796006944445
2018-10-31,114,1113.783,9.770026315789472,2.1885477582846002
2018-11-01,151,1313.543,8.698960264900661,1.9456328182487124
2018-11-02,138,1268.56,9.192463768115942,1.9840076489533012
2018-11-03,97,839.331,8.652896907216496,1.8171849942726233
2018-11-04,105,898.124,8.553561904761905,1.773216931216931
2018-11-05,120,1211.186,10.093216666666667,2.2946875
2018-11-06,132,1198.254,9.077681818181818,2.0707112794612796
2018-11-07,143,1412.988,9.881034965034965,2.227711732711733
2018-11-08,150,1135.894,7.572626666666666,1.7988351851851851
2018-11-09,125,1114.624,8.916992,1.9649
2018-11-10,114,895.934,7.859070175438596,1.601340155945419
2018-11-11,89,672.697,7.558393258426967,1.6474531835205992
2018-11-12,98,856.5,8.739795918367347,1.9929421768707483
2018-11-13,135,1326.2,9.823703703703703,2.221858024691358
2018-11-14,152,1410.474,9.279434210526315,2.0850292397660817
2018-11-15,157,1372.099,8.73948407643312,1.9772292993630574
2018-11-16,126,1032.266,8.192587301587302,1.919107142857143
2018-11-17,81,571.647,7.057370370370371,1.446310013717421
2018-11-18,79,690.521,8.740772151898733,1.8423101265822783
2018-11-19,112,1243.897,11.106223214285714,2.430704365079365
2018-11-20,114,1048.172,9.194491228070175,2.04796783625731
2018-11-21,96,792.966,8.2600625,1.8586284722222224
2018-11-22,22,220.001,10.000045454545456,2.151136363636364
2018-11-23,63,590.264,9.369269841269842,2.0236772486772487
2018-11-24,84,707.898,8.427357142857144,1.7740674603174604
2018-11-25,86,532.748,6.1947441860465124,1.3831492248062016
2018-11-26,117,1031.266,8.814239316239316,2.0653442545109213
2018-11-27,136,1181.704,8.689,2.024138071895425
2018-11-28,145,1343.48,9.265379310344828,2.122478927203065
2018-11-29,140,1422.127,10.15805,2.2339781746031746
2018-11-30,146,1315.5430000000001,9.010568493150686,1.996535388127854
2018-12-01,98,732.094,7.470346938775511,1.6186649659863945
2018-12-02,115,830.251,7.219573913043478,1.5913309178743962
2018-12-03,133,1305.236,9.813804511278196,2.117111528822055
2018-12-04,153,1365.796,8.926771241830066,1.9915105301379812
2018-12-05,159,1384.936,8.7102893081761,2.0155118798043326
2018-12-06,155,1321.362,8.524916129032258,1.939331541218638
2018-12-07,142,1232.758,8.681394366197184,1.9143720657276992
2018-12-08,100,719.878,7.19878,1.5585583333333333
2018-12-09,101,762.1419999999999,7.545960396039604,1.5051815181518153
2018-12-10,128,1109.34,8.66671875,1.9613172743055556
2018-12-11,152,1436.728,9.452157894736843,2.0648702485380115
2018-12-12,143,1391.397,9.73004895104895,2.098646076146076
2018-12-13,152,1395.032,9.177842105263158,2.0038212719298243
2018-12-14,139,1207.139,8.684453237410072,1.8829396482813747
2018-12-15,110,677.236,6.156690909090909,1.3745959595959596
2018-12-16,89,681.153,7.6534044943820225,1.627784019975031
2018-12-17,154,1414.428,9.184597402597403,2.068342352092352
2018-12-18,155,1516.062,9.781045161290322,2.1172921146953407
2018-12-19,148,1268.575,8.571452702702704,1.9870664414414414
2018-12-20,151,1293.699,8.567543046357617,1.9080610743193525
2018-12-21,129,1175.993,9.11622480620155,1.9097932816537468
2018-12-22,89,712.854,8.009595505617979,1.6499812734082397
2018-12-23,77,551.501,7.162350649350649,1.5763528138528138
2018-12-24,53,468.485,8.839339622641509,1.9718134171907757
2018-12-25,27,306.495,11.351666666666667,2.1771604938271603
2018-12-26,78,679.896,8.716615384615384,1.9110505698005698
2018-12-27,72,603.419,8.380819444444445,1.8890123456790124
2018-12-28,90,612.045,6.8004999999999995,1.481253086419753
2018-12-29,68,562.46,8.271470588235294,1.8358741830065362
2018-12-30,71,590.495,8.316830985915493,1.8076799687010954
2018-12-31,77,686.133,8.910818181818183,1.8932323232323234
2019-01-01,43,347.184,8.074046511627907,1.7574418604651165
2019-01-02,114,958.978,8.412087719298246,1.9122344054580895
2019-01-03,121,1060.104,8.761190082644628,2.0368250688705234
2019-01-04,127,1111.896,8.755086614173228,1.8966207349081365
2019-01-05,93,780.311,8.390440860215055,1.7574850657108723
2019-01-06,87,795.973,9.149114942528735,1.7918582375478929
2019-01-07,115,1144.637,9.953365217391303,2.1597512077294687
2019-01-08,127,1108.494,8.728299212598424,1.9114654418197727
2019-01-09,139,1402.534,10.090172661870504,2.1558413269384493
2019-01-10,143,1234.91,8.635734265734266,1.9137684537684538
2019-01-11,160,1635.864,10.22415,2.164930555555556
2019-01-12,120,1106.532,9.2211,1.9695069444444444
2019-01-13,109,858.236,7.873724770642202,1.7052471967380223
2019-01-14,135,1276.883,9.458392592592594,2.125812757201646
2019-01-15,134,1385.001,10.335828358208955,2.2074854892205638
2019-01-16,123,1171.978,9.528276422764229,2.186553748870822
2019-01-17,154,1667.862,10.830272727272728,2.281450216450217
2019-01-18,133,1315.136,9.888240601503758,2.135298663324979
2019-01-19,121,954.403,7.887628099173554,1.6009504132231405
2019-01-20,106,860.98,8.12245283018868,1.709258385744235
2019-01-21,111,873.615,7.870405405405405,1.6717192192192192
2019-01-22,136,1344.915,9.88908088235294,2.2021548202614376
2019-01-23,148,1281.696,8.660108108108108,1.9666891891891891
2019-01-24,156,1598.4859999999999,10.246705128205127,2.15735754985755
2019-01-25,156,1352.163,8.667711538461539,1.9163586182336183
2019-01-26,108,885.802,8.20187037037037,1.6534619341563785
2019-01-27,117,924.701,7.903427350427351,1.665866571699905
2019-01-28,142,1445.2259999999999,10.177647887323943,2.171709702660407
2019-01-29,139,1318.088,9.482647482014388,2.101546762589928
2019-01-30,137,1246.872,9.101255474452556,2.061192214111922
2019-01-31,143,1324.295,9.260804195804196,1.9969055944055945
2019-02-01,136,1133.899,8.337492647058824,1.8144240196078432
2019-02-02,112,881.194,7.8678035714285715,1.709169146825397
2019-02-03,89,792.37,8.903033707865168,1.7801373283395754
2019-02-04,147,1319.526,8.976367346938776,2.016409674981104
2019-02-05,149,1336.139,8.967375838926174,1.9655182699478
2019-02-06,158,1642.213,10.393753164556962,2.2055028129395216
2019-02-07,156,1484.202,9.514115384615385,2.134585113960114
2019-02-08,148,1321.183,8.926912162162163,2.005628753753754
2019-02-09,117,871.691,7.450350427350427,1.5721415004748338
2019-02-10,133,1006.838,7.5702105263157895,1.6370551378446114
2019-02-11,136,1221.55,8.981985294117647,2.064707924836601
2019-02-12,144,1279.372,8.884527777777778,1.9601041666666665
2019-02-13,137,1328.323,9.695788321167884,2.0871492295214926
2019-02-14,161,1448.562,8.99727950310559,1.9523964803312628
2019-02-15,147,1267.988,8.625768707482994,1.970980725623583
2019-02-16,114,886.927,7.780061403508772,1.58400828460039
2019-02-17,103,740.9879999999999,7.194058252427184,1.4819822006472494
2019-02-18,95,1027.115,10.811736842105264,2.1333245614035086
2019-02-19,138,1333.43,9.662536231884058,2.13057769726248
2019-02-20,153,1527.817,9.985732026143792,2.1477233115468413
2019-02-21,155,1645.832,10.618270967741935,2.2227526881720427
2019-02-22,152,1324.033,8.710743421052632,1.9105281432748538
2019-02-23,112,956.616,8.541214285714286,1.7776215277777776
2019-02-24,109,725.52,6.656146788990825,1.430894495412844
2019-02-25,123,1167.918,9.495268292682926,2.133276874435411
2019-02-26,136,1159.946,8.529014705882352,1.868078022875817
2019-02-27,142,1293.143,9.106640845070423,2.0137147887323943
2019-02-28,145,1466.7350000000001,10.11541379310345,2.216270114942529
2019-03-01,152,1332.843,8.768703947368422,1.9146472953216376
2019-03-02,102,921.09,9.03029411764706,1.851813725490196
2019-03-03,98,787.8,8.038775510204081,1.7174631519274377
2019-03-04,127,1307.283,10.293566929133858,2.2567738407699034
2019-03-05,144,1248.022,8.666819444444444,1.9291377314814815
2019-03-06,145,1337.191,9.222006896551724,2.0208218390804595
2019-03-07,131,1345.713,10.272618320610686,2.194124257845632
2019-03-08,151,1428.716,9.46169536423841,2.049105960264901
2019-03-09,116,964.933,8.318387931034483,1.751815134099617
2019-03-10,92,717.745,7.801576086956522,1.6422644927536232
2019-03-11,143,1249.677,8.738999999999999,1.9780147630147629
2019-03-12,132,1385.856,10.498909090909091,2.2998547979797976
2019-03-13,154,1503.046,9.760038961038962,2.1267803030303027
2019-03-14,148,1332.52,9.003513513513514,2.056897522522523
2019-03-15,155,1436.0720000000001,9.264980645161291,1.9836075268817204
2019-03-16,99,860.351,8.690414141414141,1.7629236812570146
2019-03-17,132,993.921,7.529704545454546,1.4934511784511784
2019-03-18,128,1343.339,10.4948359375,2.148734809027778
2019-03-19,143,1361.713,9.522468531468531,2.0221309246309245
2019-03-20,134,1090.579,8.138649253731343,1.8125248756218906
2019-03-21,145,1333.71,9.198,2.0863065134099616
2019-03-22,136,1198.633,8.81347794117647,1.9662806372549022
2019-03-23,121,1043.107,8.620719008264462,1.7061753902662993
2019-03-24,93,672.71,7.233440860215054,1.5381451612903227
2019-03-25,128,1255.444,9.80815625,2.1571028645833334
2019-03-26,146,1417.399,9.708212328767123,2.110315829528158
2019-03-27,133,1146.417,8.619676691729323,1.9424456975772764
2019-03-28,156,1497.247,9.59773717948718,2.0798806980056983
2019-03-29,139,1137.531,8.183676258992806,1.7598760991207034
2019-03-30,100,829.613,8.29613,1.7443944444444444
2019-03-31,107,869.343,8.124700934579439,1.6909735202492213
2019-04-01,114,1064.093,9.334149122807018,2.003411306042885
2019-04-02,117,1088.112,9.300102564102565,2.1172222222222223
2019-04-03,125,1133.116,9.064928,2.0142866666666666
2019-04-04,138,1209.572,8.765014492753622,1.9460165056360708
2019-04-05,120,1047.796,8.731633333333333,1.895537037037037
2019-04-06,111,907.9159999999999,8.179423423423422,1.6417367367367368
2019-04-07,103,728.14,7.069320388349515,1.4755312837108954
2019-04-08,123,1086.032,8.829528455284553,2.0236291779584463
2019-04-09,133,1156.73,8.697218045112782,1.8986131996658313
2019-04-10,130,1303.524,10.027107692307691,2.1710854700854703
2019-04-11,141,1307.305,9.271666666666667,1.9692119779353823
2019-04-12,148,1445.061,9.763925675675676,2.0234553303303304
2019-04-13,100,767.085,7.670850000000001,1.5546277777777777
2019-04-14,96,646.975,6.739322916666667,1.4951793981481483
2019-04-15,122,1199.755,9.83405737704918,2.1903005464480874
2019-04-16,146,1468.868,10.060739726027396,2.176008371385084
2019-04-17,160,1404.8319999999999,8.780199999999999,1.9974097222222222
2019-04-18,136,1270.799,9.344110294117646,2.00608864379085
2019-04-19,135,1080.668,8.004948148148147,1.7985534979423867
2019-04-20,82,683.729,8.338158536585366,1.7103252032520326
2019-04-21,94,703.156,7.480382978723403,1.436669621749409
2019-04-22,135,1427.782,10.576162962962963,2.254504115226337
2019-04-23,140,1295.287,9.25205,2.031498015873016
2019-04-24,145,1317.621,9.087041379310346,1.9408103448275864
2019-04-25,135,1181.181,8.749488888888889,1.8664855967078189
2019-04-26,134,1257.438,9.383865671641791,1.9144299336650081
2019-04-27,128,1035.624,8.0908125,1.6806684027777778
2019-04-28,99,721.628,7.289171717171717,1.5254489337822672
2019-04-29,155,1533.693,9.894793548387097,2.1251648745519716
2019-04-30,138,1260.0629999999999,9.130891304347825,1.955704508856683
2019-05-01,132,1317.889,9.984007575757575,2.108787878787879
2019-05-02,143,1266.197,8.854524475524475,1.9146367521367522
2019-05-03,150,1464.798,9.765320000000001,2.0481796296296295
2019-05-04,127,1000.654,7.879165354330708,1.586369203849519
2019-05-05,105,842.521,8.024009523809523,1.5569365079365078
2019-05-06,123,1256.467,10.215178861788619,2.1390853658536586
2019-05-07,125,1153.723,9.229784,2.011711111111111
2019-05-08,132,1351.353,10.237522727272728,2.1761069023569024
2019-05-09,133,1126.109,8.466984962406015,1.8823370927318295
2019-05-10,149,1356.765,9.105805369127518,1.9317673378076061
2019-05-11,110,858.337,7.803063636363636,1.6415
2019-05-12,104,738.527,7.101221153846154,1.5153338675213677
2019-05-13,136,1406.482,10.341779411764705,2.174910130718954
2019-05-14,144,1210.877,8.408868055555555,1.860374228395062
2019-05-15,154,1401.449,9.100318181818182,1.9093434343434343
2019-05-16,153,1525.246,9.968928104575165,2.115472040668119
2019-05-17,152,1298.166,8.540565789473684,1.8596728801169589
2019-05-18,85,761.387,8.957494117647059,1.8480359477124182
2019-05-19,110,751.073,6.827936363636363,1.496388888888889
2019-05-20,142,1484.419,10.453654929577466,2.234933489827856
2019-05-21,151,1293.531,8.56643046357616,1.9672682119205298
2019-05-22,143,1275.998,8.923062937062937,1.9441802641802641
2019-05-23,162,1380.588,8.522148148148148,1.8970867626886148
2019-05-24,140,1277.465,9.124749999999999,1.8954424603174602
2019-05-25,110,891.938,8.108527272727272,1.6081616161616161
2019-05-26,89,610.129,6.85538202247191,1.3958177278401998
2019-05-27,50,452.044,9.04088,1.8035388888888888
2019-05-28,140,1272.064,9.08617142857143,1.9421071428571428
2019-05-29,149,1409.523,9.459885906040268,2.057721849366145
2019-05-30,148,1311.857,8.863898648648648,1.924767267267267
2019-05-31,152,1501.634,9.879171052631579,2.022474415204678
2019-06-01,111,954.109,8.595576576576576,1.7514264264264263
2019-06-02,107,774.864,7.241719626168225,1.4850934579439252
2019-06-03,131,1346.18,10.27618320610687,2.1724024597116203
2019-06-04,137,1144.853,8.356591240875913,1.8353345498783455
2019-06-05,156,1304.971,8.365198717948719,1.7528970797720798
2019-06-06,162,1422.3890000000001,8.78017901234568,1.8703892318244169
2019-06-07,161,1422.735,8.836863354037266,1.8592874396135266
2019-06-08,115,1028.71,8.945304347826088,1.748599033816425
2019-06-09,111,780.605,7.032477477477477,1.4359659659659658
2019-06-10,140,1384.7930000000001,9.891378571428572,2.116242063492064
2019-06-11,149,1315.203,8.82686577181208,1.8888590604026845
2019-06-12,148,1403.224,9.481243243243243,2.0557657657657655
2019-06-13,140,1413.096,10.093542857142857,2.0956130952380954
2019-06-14,143,1347.906,9.425916083916084,1.926427738927739
2019-06-15,93,626.694,6.738645161290322,1.4838172043010753
2019-06-16,118,811.472,6.876881355932203,1.452963747645951
2019-06-17,145,1374.2839999999999,9.477820689655172,2.003095785440613
2019-06-18,119,1090.535,9.164159663865547,2.073176937441643
2019-06-19,144,1150.29,7.988125,1.8387557870370368
2019-06-20,153,1365.521,8.92497385620915,1.9174782135076254
2019-06-21,145,1433.279,9.88468275862069,2.063053639846743
2019-06-22,111,871.288,7.849441441441441,1.5598223223223224
2019-06-23,105,767.1800000000001,7.306476190476191,1.4767328042328043
2019-06-24,147,1249.715,8.501462585034012,1.7631330309901738
2019-06-25,140,1241.931,8.870935714285714,1.90028373015873
2019-06-26,137,1294.039,9.445540145985401,2.034328872668289
2019-06-27,138,1266.065,9.174384057971015,2.0021678743961355
2019-06-28,139,1082.474,7.7875827338129495,1.7143645083932855
2019-06-29,139,1101.17,7.922086330935253,1.6125679456434852
2019-06-30,96,632.242,6.585854166666667,1.3737181712962963
2019-07-01,113,1304.794,11.546849557522124,2.4862241887905605
2019-07-02,127,1231.779,9.699047244094489,2.0833464566929134
2019-07-03,130,1183.706,9.105430769230768,1.9872585470085469
2019-07-04,39,521.491,13.371564102564102,2.5344444444444445
2019-07-05,82,897.132,10.940634146341463,2.1955453929539295
2019-07-06,78,672.958,8.627666666666666,1.7087642450142448
2019-07-07,78,557.732,7.150410256410256,1.5427101139601138
2019-07-08,123,1099.887,8.942170731707316,1.9007904245709124
2019-07-09,134,1161.211,8.665753731343283,1.8828109452736317
2019-07-10,142,1405.487,9.897795774647888,2.073926056338028
2019-07-11,132,1269.119,9.614537878787878,2.0592445286195287
2019-07-12,161,1566.233,9.728155279503106,2.041116287094548
2019-07-13,116,1126.67,9.712672413793104,1.91503591954023
2019-07-14,87,585.553,6.730494252873563,1.4025319284802042
2019-07-15,135,1194.056,8.844859259259259,1.9379465020576134
2019-07-16,146,1477.662,10.120972602739727,2.1934893455098936
2019-07-17,142,1275.255,8.980669014084508,1.8869170579029733
2019-07-18,141,1330.013,9.432716312056737,2.0403506698187552
2019-07-19,149,1374.388,9.224080536912751,1.9022706935123042
2019-07-20,107,821.076,7.673607476635514,1.6838603322949117
2019-07-21,104,815.635,7.84264423076923,1.5628231837606839
2019-07-22,123,1166.816,9.486308943089432,2.1107068654019874
2019-07-23,127,1081.73,8.51755905511811,1.9585936132983377
2019-07-24,154,1403.381,9.112863636363636,2.0149188311688313
2019-07-25,155,1470.527,9.487270967741935,2.116899641577061
2019-07-26,146,1300.858,8.909986301369862,1.8902568493150687
2019-07-27,109,887.43,8.141559633027523,1.6690112130479102
2019-07-28,108,786.361,7.28112037037037,1.5131095679012345
2019-07-29,116,1214.182,10.467086206896552,2.2073132183908046
2019-07-30,137,1331.158,9.716481751824817,2.034420113544201
2019-07-31,136,1280.169,9.413007352941177,1.9530575980392157
2019-08-01,146,1570.956,10.759972602739726,2.208082191780822
2019-08-02,139,1290.365,9.283201438848922,2.0422322142286173
2019-08-03,95,851.708,8.965347368421053,1.7451812865497076
2019-08-04,115,800.283,6.958982608695652,1.3723454106280193
2019-08-05,117,1127.451,9.636333333333333,2.041301044634378
2019-08-06,136,1168.724,8.593558823529412,1.975998774509804
2019-08-07,161,1476.3700000000001,9.17,1.992336093857833
2019-08-08,155,1476.758,9.527470967741936,2.042940860215054
2019-08-09,132,1262.143,9.561689393939394,2.0339078282828282
2019-08-10,92,787.4110000000001,8.558815217391304,1.6584993961352656
2019-08-11,99,780.926,7.888141414141415,1.6703900112233445
2019-08-12,149,1464.802,9.830885906040267,2.0800615212527966
2019-08-13,143,1467.028,10.258937062937063,2.1938947163947162
2019-08-14,160,1498.472,9.36545,2.0451875
2019-08-15,177,1862.674,10.523581920903954,2.1165976145637164
2019-08-16,161,1289.867,8.011596273291925,1.8129606625258798
2019-08-17,103,773.576,7.510446601941748,1.5269174757281554
2019-08-18,109,852.49,7.821009174311927,1.590874108053007
2019-08-19,145,1575.017,10.862186206896553,2.2584578544061302
2019-08-20,140,1367.645,9.768892857142857,2.1593849206349205
2019-08-21,164,1647.227,10.044067073170732,2.06352472899729
2019-08-22,160,1426.342,8.914637500000001,1.9001371527777777
2019-08-23,162,1348.754,8.325641975308642,1.793520233196159
2019-08-24,131,913.356,6.9721832061068705,1.4571119592875317
2019-08-25,136,1054.099,7.7507279411764705,1.5698835784313725
2019-08-26,130,1403.091,10.793007692307691,2.247801282051282
2019-08-27,143,1375.757,9.620678321678323,2.0631371406371404
2019-08-28,140,1418.579,10.132707142857143,2.1586785714285712
2019-08-29,121,1134.947,9.379727272727273,1.9735399449035813
2019-08-30,107,981.304,9.171065420560748,1.8653400830737281
2019-08-31,95,768.092,8.085178947368421,1.629377192982456
2019-09-01,87,753.052,8.655770114942529,1.6731960408684547
2019-09-02,72,662.676,9.203833333333334,1.7638966049382716
2019-09-03,142,1312.317,9.241669014084508,2.0035269953051644
2019-09-04,148,1290.914,8.722391891891892,1.9247353603603605
2019-09-05,148,1350.246,9.123283783783785,1.9665090090090092
2019-09-06,163,1646.119,10.098889570552148,2.1147563053851397
2019-09-07,111,1011.134,9.109315315315316,1.8325175175175177
2019-09-08,103,718.026,6.971126213592233,1.4770523193096008
2019-09-09,125,1247.236,9.977888,2.2616022222222223
2019-09-10,138,1262.964,9.15191304347826,1.9410326086956522
2019-09-11,147,1517.4,10.322448979591837,2.2798167044595616
2019-09-12,146,1325.571,9.079253424657534,1.9640391933028918
2019-09-13,152,1399.446,9.206881578947367,2.0284959795321638
2019-09-14,121,1012.642,8.36894214876033,1.6669582185491276
2019-09-15,108,944.306,8.743574074074074,1.6702623456790122
2019-09-16,134,1254.816,9.364298507462687,2.0806135986733003
2019-09-17,140,1372.761,9.805435714285714,2.147218253968254
2019-09-18,134,1207.245,9.009291044776118,2.1375290215588723
2019-09-19,152,1586.452,10.437184210526317,2.232743055555556
2019-09-20,158,1540.821,9.75203164556962,2.055144163150492
2019-09-21,137,1281.816,9.356321167883213,1.8523621248986213
2019-09-22,117,834.184,7.129777777777777,1.4903205128205128
2019-09-23,142,1551.471,10.925852112676056,2.227018779342723
2019-09-24,145,1434.458,9.892813793103448,2.0566685823754787
2019-09-25,146,1280.765,8.77236301369863,1.86662100456621
2019-09-26,148,1554.454,10.503067567567568,2.2254466966966966
2019-09-27,159,1466.305,9.222044025157233,1.9546540880503145
2019-09-28,132,1068.48,8.094545454545454,1.6160122053872052
2019-09-29,107,1008.706,9.427158878504674,1.8925597092419524
2019-09-30,141,1428.435,10.130744680851063,2.089328211189913
2019-10-01,141,1434.192,10.171574468085106,2.2380240346729705
2019-10-02,157,1479.372,9.422751592356688,2.077278839348903
2019-10-03,155,1645.304,10.614864516129034,2.2306397849462365
2019-10-04,161,1483.421,9.2137950310559,2.0209075224292614
2019-10-05,120,1063.424,8.861866666666666,1.731388888888889
2019-10-06,119,969.052,8.14329411764706,1.661311858076564
2019-10-07,145,1449.026,9.99328275862069,2.1418984674329504
2019-10-08,143,1279.714,8.949048951048951,1.956353923853924
2019-10-09,169,1794.385,10.617662721893492,2.156043721236029
2019-10-10,146,1560.159,10.686020547945207,2.221350837138508
2019-10-11,151,1394.345,9.23407284768212,1.9409363502575425
2019-10-12,106,946.473,8.928990566037735,1.7835508385744234
2019-10-13,134,1166.937,8.708485074626864,1.7711898839137645
2019-10-14,121,1021.706,8.44385123966942,1.9062098255280073
2019-10-15,137,1464.473,10.68958394160584,2.244359286293593
2019-10-16,156,1585.828,10.165564102564103,2.0817610398860396
2019-10-17,154,1548.105,10.05262987012987,2.09515873015873
2019-10-18,152,1419.126,9.336355263157895,2.003172514619883
2019-10-19,136,1142.353,8.399654411764706,1.7043198529411765
2019-10-20,141,1137.141,8.064829787234043,1.6166371158392434
2019-10-21,141,1269.773,9.005482269503545,2.0149034672970845
2019-10-22,143,1394.132,9.749174825174826,2.0784032634032634
2019-10-23,168,1721.07,10.244464285714285,2.2213359788359788
2019-10-24,151,1492.148,9.881774834437085,2.149867549668874
2019-10-25,156,1575.254,10.097782051282051,2.1104843304843306
2019-10-26,115,1021.1659999999999,8.879704347826086,1.7969106280193237
2019-10-27,120,1056.763,8.806358333333332,1.725613425925926
2019-10-28,148,1575.128,10.642756756756757,2.2700487987987987
2019-10-29,160,1693.922,10.5870125,2.261576388888889
2019-10-30,154,1520.162,9.87118181818182,2.1796392496392496
2019-10-31,140,1378.873,9.849092857142857,2.1173293650793648
2019-11-01,153,1577.704,10.311790849673203,2.2800363108206247
2019-11-02,141,1271.078,9.014737588652482,1.821016548463357
2019-11-03,118,983.975,8.338771186440677,1.705298964218456
2019-11-04,138,1415.532,10.257478260869565,2.27926731078905
2019-11-05,149,1570.804,10.542308724832216,2.2087248322147652
2019-11-06,162,1543.281,9.526425925925926,2.094483882030178
2019-11-07,158,1577.948,9.98701265822785,2.1284054149085794
2019-11-08,162,1652.848,10.202765432098765,2.120258916323731
2019-11-09,134,1015.636,7.579373134328358,1.5922284411276948
2019-11-10,126,1136.832,9.02247619047619,1.8452865961199294
2019-11-11,121,1163.635,9.616818181818182,2.0720270890725434
2019-11-12,158,1377.432,8.717924050632911,1.9038959212376934
2019-11-13,147,1685.5049999999999,11.466020408163265,2.333737717309146
2019-11-14,163,1491.539,9.150546012269938,1.992210293115201
2019-11-15,169,1583.206,9.368082840236687,1.9874128862590403
2019-11-16,133,1132.546,8.515383458646617,1.7192272347535507
2019-11-17,129,983.51,7.624108527131783,1.5576937984496124
2019-11-18,150,1414.378,9.429186666666666,2.0653888888888887
2019-11-19,140,1473.426,10.524471428571427,2.239644841269841
2019-11-20,159,1651.182,10.384792452830188,2.1894531795946888
2019-11-21,171,1625.493,9.505807017543859,2.01767706302794
2019-11-22,175,1487.629,8.500737142857142,1.899131746031746
2019-11-23,108,1007.31,9.326944444444443,1.8838451646090535
2019-11-24,99,872.109,8.809181818181818,1.826172839506173
2019-11-25,136,1677.566,12.335044117647058,2.5118790849673203
2019-11-26,136,1285.634,9.453191176470588,1.9838378267973855
2019-11-27,116,1223.606,10.548327586206897,2.2584961685823752
2019-11-28,35,418.676,11.962171428571429,2.3664444444444444
2019-11-29,73,658.656,9.022684931506848,1.8134855403348555
2019-11-30,108,1137.563,10.532990740740741,2.0402109053497943
2019-12-01,87,618.6949999999999,7.111436781609195,1.487081736909323
2019-12-02,136,1441.725,10.600919117647058,2.213964460784314
2019-12-03,133,1454.578,10.936676691729323,2.2759273182957394
2019-12-04,157,1442.256,9.186343949044586,1.9473389950460014
2019-12-05,163,1804.664,11.071558282208589,2.2651482617586916
2019-12-06,172,1520.553,8.840424418604652,1.9085061369509047
2019-12-07,118,922.7,7.81949152542373,1.5758545197740113
2019-12-08,107,914.898,8.550448598130842,1.6659008307372793
2019-12-09,144,1444.046,10.028097222222222,2.1703279320987656
2019-12-10,140,1418.15,10.129642857142859,2.0936011904761904
2019-12-11,162,1578.166,9.741765432098765,2.0267815500685873
2019-12-12,173,1588.067,9.17957803468208,1.939009312780989
2019-12-13,171,1533.902,8.970187134502924,1.8913222871994801
2019-12-14,130,1008.716,7.7593538461538465,1.543292735042735
2019-12-15,103,952.965,9.252087378640777,1.8334385113268608
2019-12-16,162,1658.596,10.238246913580246,2.2157424554183813
2019-12-17,154,1549.484,10.061584415584415,2.1416810966810966
2019-12-18,165,1614.023,9.781957575757575,2.0377592592592593
2019-12-19,163,1537.458,9.432257668711657,2.0114655760054534
2019-12-20,145,1350.302,9.312427586206896,1.8834693486590037
2019-12-21,101,824.513,8.16349504950495,1.629694719471947
2019-12-22,103,833.072,8.088077669902912,1.6807092772384034
2019-12-23,113,1131.323,10.01170796460177,1.9959218289085545
2019-12-24,70,621.268,8.875257142857143,1.7931984126984126
2019-12-25,20,152.441,7.62205,1.6006944444444446
2019-12-26,88,769.897,8.748829545454546,1.803459595959596
2019-12-27,89,745.702,8.37867415730337,1.728807740324594
2019-12-28,74,604.007,8.162256756756756,1.6068993993993994
2019-12-29,77,686.92,8.92103896103896,1.7176623376623374
2019-12-30,104,976.705,9.391394230769231,1.9768643162393162
2019-12-31,77,776.443,10.083675324675324,1.9450649350649352
2020-01-01,42,435.341,10.365261904761905,1.930813492063492
2020-01-02,122,1133.194,9.288475409836066,1.928155737704918
2020-01-03,128,1354.202,10.579703125,2.101870659722222
2020-01-04,104,900.891,8.662413461538462,1.7740010683760683
2020-01-05,110,835.118,7.591981818181819,1.5442121212121214
2020-01-06,146,1607.261,11.00863698630137,2.3263984018264843
2020-01-07,152,1558.601,10.253953947368421,2.199720394736842
2020-01-08,157,1717.473,10.939318471337579,2.2728290870488324
2020-01-09,168,1668.338,9.930583333333333,2.145262896825397
2020-01-10,162,1727.359,10.66270987654321,2.1983847736625513
2020-01-11,133,1097.894,8.254842105263158,1.6438680033416877
2020-01-12,127,1070.212,8.426866141732283,1.7166535433070864
2020-01-13,171,1774.633,10.377970760233918,2.183157894736842
2020-01-14,158,1493.509,9.452588607594937,2.0275632911392405
2020-01-15,170,1962.229,11.542523529411765,2.4013464052287583
2020-01-16,162,1622.229,10.01375925925926,2.168969478737997
2020-01-17,175,1765.442,10.08824,2.0633
2020-01-18,129,1070.325,8.297093023255814,1.671541774332472
2020-01-19,117,859.004,7.34191452991453,1.5100332383665716
2020-01-20,107,1070.252,10.002355140186916,2.004826064382139
2020-01-21,146,1425.367,9.762787671232877,2.135749619482496
2020-01-22,150,1647.787,10.985246666666667,2.3064370370370373
2020-01-23,185,1854.044,10.02185945945946,2.189105105105105
2020-01-24,164,1544.041,9.414884146341462,2.062337398373984
2020-01-25,114,769.817,6.752780701754386,1.4414156920077972
2020-01-26,125,834.988,6.6799040000000005,1.4124955555555554
2020-01-27,170,1765.015,10.38244117647059,2.1966013071895425
2020-01-28,157,1736.153,11.058299363057325,2.2911518046709127
2020-01-29,179,1747.48,9.762458100558659,2.113665425201738
2020-01-30,165,1593.626,9.658339393939395,2.038138047138047
2020-01-31,159,1530.966,9.628716981132074,2.0868343815513626
2020-02-01,110,962.066,8.746054545454546,1.7466843434343435
2020-02-02,91,759.78,8.349230769230768,1.7500213675213674
2020-02-03,159,1701.567,10.70167924528302,2.2674703004891685
2020-02-04,172,1736.708,10.097139534883722,2.1350532945736433
2020-02-05,146,1531.14,10.487260273972604,2.2439649923896496
2020-02-06,161,1678.509,10.425521739130435,2.148724982746722
2020-02-07,159,1564.546,9.839911949685535,2.072765548567435
2020-02-08,119,888.871,7.469504201680672,1.5442086834733892
2020-02-09,107,945.004,8.83181308411215,1.7580789200415368
2020-02-10,144,1604.093,11.139534722222223,2.3234317129629627
2020-02-11,159,1541.325,9.693867924528302,2.0956551362683435
2020-02-12,155,1496.587,9.6554,2.1241075268817204
2020-02-13,163,1729.435,10.610030674846625,2.213324812542604
2020-02-14,161,1530.374,9.505428571428572,1.9738319530710835
2020-02-15,118,1001.141,8.484245762711865,1.71239406779661
2020-02-16,114,972.563,8.531254385964912,1.7293347953216376
2020-02-17,108,1111.545,10.292083333333334,2.104426440329218
2020-02-18,147,1470.069,10.000469387755102,2.1129761904761906
2020-02-19,149,1480.332,9.935114093959733,2.0978914988814314
2020-02-20,140,1423.927,10.170907142857143,2.1471785714285714
2020-02-21,159,1410.428,8.870616352201258,1.8948427672955974
2020-02-22,123,1079.67,8.777804878048782,1.6662691960252936
2020-02-23,146,1137.523,7.791253424657533,1.568015601217656
2020-02-24,131,1241.543,9.47742748091603,2.0743723494486854
2020-02-25,155,1649.836,10.644103225806452,2.2081612903225807
2020-02-26,177,1769.366,9.996418079096046,2.1443596986817326
2020-02-27,164,1665.367,10.154676829268292,2.1526304200542006
2020-02-28,153,1543.52,10.088366013071896,2.0865214233841685
2020-02-29,99,694.987,7.0200707070707065,1.3928591470258136
2020-03-01,106,878.297,8.285820754716982,1.693343815513627
2020-03-02,132,1443.175,10.93314393939394,2.2888888888888888
2020-03-03,146,1299.323,8.899472602739726,1.8536624809741247
2020-03-04,140,1344.137,9.600978571428572,2.069311507936508
2020-03-05,145,1577.266,10.877696551724139,2.207632183908046
2020-03-06,134,1303.632,9.728597014925374,2.0650808457711443
2020-03-07,101,769.602,7.619821782178217,1.6177612761276128
2020-03-08,81,575.375,7.103395061728395,1.4957030178326474
2020-03-09,127,1268.346,9.986976377952756,2.1686614173228347
2020-03-10,132,1403.843,10.635174242424243,2.2555345117845116
2020-03-11,127,1225.393,9.64876377952756,1.9931014873140858
2020-03-12,105,1147.968,10.933028571428572,2.2271825396825395
2020-03-13,84,854.147,10.168416666666667,2.101279761904762
2020-03-14,52,504.987,9.711288461538462,1.9755929487179489
2020-03-15,37,354.847,9.590459459459458,1.9389564564564565
2020-03-16,56,591.256,10.558142857142856,2.188323412698413
2020-03-17,24,282.242,11.760083333333334,2.3470138888888887
2020-03-18,25,252.505,10.1002,1.963788888888889
2020-03-19,18,169.498,9.416555555555554,2.143472222222222
2020-03-20,17,228.334,13.431411764705883,2.5430392156862744
2020-03-21,14,230.61,16.47214285714286,2.9257539682539684
2020-03-22,28,183.633,6.558321428571429,1.3002083333333334
2020-03-23,19,129.349,6.807842105263157,1.4212426900584796
2020-03-24,29,319.088,11.003034482758622,2.145766283524904
2020-03-25,14,180.537,12.8955,2.6807738095238096
2020-03-26,21,219.519,10.453285714285714,2.224351851851852
2020-03-27,18,129.302,7.183444444444444,1.6440123456790123
2020-03-28,7,38.283,5.469,1.1423015873015874
2020-03-29,25,164.042,6.56168,1.3659999999999999
2020-03-30,17,175.507,10.323941176470589,2.1648366013071896
2020-03-31,20,226.52100000000002,11.32605,2.3370555555555557
2020-04-01,18,161.35,8.963888888888889,1.7715123456790125
2020-04-02,14,153.073,10.933785714285715,2.2290277777777776
2020-04-03,10,56.614000000000004,5.6614,1.5516111111111113
2020-04-04,14,122.605,8.7575,1.9479365079365079
2020-04-05,17,98.711,5.806529411764706,1.2791176470588237
2020-04-06,14,171.165,12.226071428571428,2.4834920634920636
2020-04-07,16,229.928,14.3705,2.7486805555555556
2020-04-08,11,139.606,12.691454545454546,2.5613888888888887
2020-04-09,15,197.374,13.158266666666666,2.729
2020-04-10,13,117.602,9.046307692307693,2.093119658119658
2020-04-11,8,159.981,19.997625,3.4185069444444443
2020-04-12,20,205.887,10.29435,1.9719583333333333
2020-04-13,17,114.89999999999999,6.758823529411764,1.4358496732026143
2020-04-14,15,134.044,8.936266666666667,1.728759259259259
2020-04-15,23,289.457,12.585086956521739,2.5032487922705315
2020-04-16,16,176.672,11.042,2.103385416666667
2020-04-17,16,144.604,9.03775,1.9508680555555555
2020-04-18,12,195.518,16.293166666666668,2.7953703703703705
2020-04-19,32,285.134,8.9104375,1.6945659722222222
2020-04-20,20,115.589,5.77945,1.6034444444444442
2020-04-21,12,124.69200000000001,10.391,2.156851851851852
2020-04-22,20,167.558,8.3779,1.7970833333333331
2020-04-23,15,177.704,11.846933333333334,2.367166666666667
2020-04-24,12,91.637,7.636416666666666,1.626064814814815
2020-04-25,10,138.284,13.828399999999998,2.4646944444444445
2020-04-26,24,174.647,7.276958333333333,1.4617361111111113
2020-04-27,14,90.894,6.492428571428571,1.450436507936508
2020-04-28,20,257.523,12.87615,2.637513888888889
2020-04-29,19,160.809,8.463631578947368,1.784561403508772
2020-04-30,20,207.392,10.3696,1.9913888888888889
2020-05-01,16,134.619,8.4136875,1.648142361111111
2020-05-02,11,142.472,12.952,2.4075252525252524
2020-05-03,29,213.663,7.3676896551724145,1.392777777777778
2020-05-04,18,170.637,9.479833333333334,2.04195987654321
2020-05-05,17,165.748,9.749882352941176,2.213316993464052
2020-05-06,24,226.333,9.430541666666667,1.8683912037037036
2020-05-07,21,242.001,11.523857142857143,2.2839550264550263
2020-05-08,14,157.602,11.257285714285715,2.0949999999999998
2020-05-09,12,129.926,10.827166666666665,2.1108333333333333
2020-05-10,23,143.542,6.240956521739131,1.4271135265700483
2020-05-11,13,91.385,7.029615384615385,1.4311538461538462
2020-05-12,15,227.42499999999998,15.161666666666665,2.8615925925925927
2020-05-13,22,241.904,10.995636363636363,2.7432449494949496
2020-05-14,24,226.133,9.422208333333334,1.7607754629629628
2020-05-15,25,246.155,9.8462,1.7816666666666665
2020-05-16,16,197.52200000000002,12.345125000000001,2.385295138888889
2020-05-17,39,491.773,12.609564102564104,2.3969515669515666
2020-05-18,18,202.473,11.2485,2.0760956790123455
2020-05-19,20,235.86800000000002,11.793400000000002,2.5263472222222223
2020-05-20,22,157.542,7.1610000000000005,1.6678661616161614
2020-05-21,22,193.739,8.806318181818183,1.716729797979798
2020-05-22,25,206.132,8.245280000000001,1.7588555555555556
2020-05-23,15,210.823,14.054866666666667,2.598240740740741
2020-05-24,31,233.28,7.525161290322581,1.6828136200716846
2020-05-25,24,243.51000000000002,10.14625,2.2361226851851854
2020-05-26,26,264.138,10.159153846153846,2.1829273504273505
2020-05-27,35,341.687,9.762485714285715,2.0449920634920633
2020-05-28,27,236.119,8.745148148148148,1.8687448559670783
2020-05-29,29,378.629,13.056172413793105,2.5286877394636016
2020-05-30,18,222.861,12.381166666666665,2.4766203703703704
2020-05-31,37,367.123,9.922243243243242,1.9734684684684685
2020-06-01,28,368.289,13.15317857142857,2.677619047619048
2020-06-02,19,203.104,10.689684210526316,2.1287280701754385
2020-06-03,29,200.00900000000001,6.896862068965517,1.6170689655172414
2020-06-04,27,224.05599999999998,8.29837037037037,1.7065123456790123
2020-06-05,28,351.947,12.569535714285715,2.4327777777777775
2020-06-06,34,315.027,9.2655,1.830669934640523
2020-06-07,47,515.158,10.960808510638298,2.130124113475177
2020-06-08,29,279.757,9.646793103448276,2.1062835249042147
2020-06-09,24,170.372,7.098833333333334,1.6807754629629628
2020-06-10,29,339.162,11.695241379310344,2.214655172413793
2020-06-11,40,315.822,7.89555,1.675548611111111
2020-06-12,36,368.7,10.241666666666667,2.030779320987654
2020-06-13,32,328.451,10.26409375,1.7568663194444445
2020-06-14,47,333.404,7.093702127659574,1.416081560283688
2020-06-15,34,339.171,9.975617647058824,2.1123856209150325
2020-06-16,33,293.154,8.883454545454546,1.835808080808081
2020-06-17,32,368.452,11.514125,2.2571093749999998
2020-06-18,35,311.036,8.886742857142858,1.8929999999999998
2020-06-19,64,667.506,10.42978125,2.1650651041666666
2020-06-20,42,534.036,12.715142857142856,2.419212962962963
2020-06-21,54,474.487,8.786796296296297,1.72559670781893
2020-06-22,50,409.205,8.184099999999999,1.742238888888889
2020-06-23,37,413.974,11.188486486486486,2.4357807807807808
2020-06-24,41,420.604,10.258634146341462,2.1071476964769644
2020-06-25,27,256.014,9.482000000000001,2.134485596707819
2020-06-26,45,487.709,10.837977777777779,2.207203703703704
2020-06-27,37,441.982,11.94545945945946,2.281276276276276
2020-06-28,47,403.515,8.585425531914893,1.6949822695035464
2020-06-29,28,349.571,12.484678571428573,2.4486011904761904
2020-06-30,42,463.401,11.033357142857144,2.230291005291005
2020-07-01,39,356.145,9.131923076923076,1.906403133903134
2020-07-02,36,330.95,9.193055555555555,1.7647453703703704
2020-07-03,52,411.411,7.91175,1.5811698717948717
2020-07-04,26,257.135,9.889807692307691,1.9275641025641026
2020-07-05,43,329.092,7.653302325581395,1.50906330749354
2020-07-06,40,353.561,8.839025,1.8098333333333332
2020-07-07,34,273.21,8.035588235294117,1.7195098039215686
2020-07-08,36,384.163,10.671194444444446,2.078989197530864
2020-07-09,36,358.841,9.967805555555556,1.9575694444444443
2020-07-10,32,321.678,10.0524375,1.9969618055555556
2020-07-11,33,282.556,8.56230303030303,1.7242340067340067
2020-07-12,49,395.01099999999997,8.061448979591836,1.5870351473922901
2020-07-13,28,251.86200000000002,8.99507142857143,1.7481051587301588
2020-07-14,38,372.26099999999997,9.796342105263157,1.9376535087719298
2020-07-15,27,255.623,9.467518518518519,2.0046296296296298
2020-07-16,26,240.194,9.23823076923077,1.948974358974359
2020-07-17,46,446.427,9.704934782608696,1.9979649758454108
2020-07-18,37,362.117,9.786945945945947,1.7911486486486485
2020-07-19,53,413.151,7.795301886792453,1.4569077568134172
2020-07-20,41,407.66,9.942926829268293,1.8733197831978319
2020-07-21,32,229.073,7.15853125,1.504105902777778
2020-07-22,29,294.297,10.148172413793104,2.209204980842912
2020-07-23,31,337.593,10.890096774193548,2.02581541218638
2020-07-24,37,390.011,10.540837837837838,2.0359384384384387
2020-07-25,39,356.191,9.133102564102563,1.7201495726495726
2020-07-26,56,374.345,6.684732142857143,1.3323065476190477
2020-07-27,41,534.765,13.043048780487805,2.412127371273713
2020-07-28,30,325.429,10.847633333333333,2.23987037037037
2020-07-29,35,270.423,7.7263714285714284,1.676642857142857
2020-07-30,40,372.609,9.315225,1.8093819444444446
2020-07-31,44,504.624,11.468727272727273,2.1269760101010102
2020-08-01,30,350.774,11.692466666666666,2.3343425925925927
2020-08-02,43,242.371,5.63653488372093,1.2789018087855297
2020-08-03,33,343.396,10.405939393939395,2.1699242424242424
2020-08-04,36,281.532,7.820333333333333,1.647121913580247
2020-08-05,37,381.856,10.320432432432431,2.1966666666666668
2020-08-06,31,330.548,10.66283870967742,2.188727598566308
2020-08-07,39,397.276,10.186564102564104,2.1377920227920226
2020-08-08,35,307.737,8.792485714285714,1.660952380952381
2020-08-09,49,326.304,6.659265306122449,1.374858276643991
2020-08-10,37,394.77799999999996,10.669675675675675,2.558633633633634
2020-08-11,40,414.48699999999997,10.362174999999999,2.021298611111111
2020-08-12,31,320.781,10.347774193548387,2.095985663082437
2020-08-13,36,314.958,8.748833333333334,2.01866512345679
2020-08-14,42,431.694,10.278428571428572,2.2707738095238095
2020-08-15,39,389.519,9.987666666666668,1.908304843304843
2020-08-16,42,361.884,8.616285714285715,1.8673544973544973
2020-08-17,38,439.54900000000004,11.567078947368422,2.3088888888888888
2020-08-18,42,421.499,10.035690476190476,2.213121693121693
2020-08-19,29,347.21500000000003,11.972931034482759,2.4615325670498085
2020-08-20,37,407.548,11.014810810810811,2.454954954954955
2020-08-21,40,406.866,10.17165,2.111638888888889
2020-08-22,33,402.406,12.194121212121212,2.5150589225589224
2020-08-23,36,321.38,8.927222222222222,1.7681018518518519
2020-08-24,36,363.85699999999997,10.107138888888889,2.013587962962963
2020-08-25,44,452.832,10.291636363636364,2.176439393939394
2020-08-26,39,287.402,7.369282051282051,1.833297720797721
2020-08-27,30,283.588,9.452933333333334,1.9728333333333334
2020-08-28,46,426.996,9.282521739130434,1.8520471014492752
2020-08-29,37,387.039,10.460513513513513,1.9230855855855857
2020-08-30,57,497.541,8.72878947368421,1.833425925925926
2020-08-31,33,391.225,11.85530303030303,2.4590488215488215
2020-09-01,30,387.007,12.900233333333334,2.7402592592592594
2020-09-02,45,418.382,9.297377777777777,1.9267407407407406
2020-09-03,34,283.594,8.341,1.7302205882352941
2020-09-04,39,364.582,9.34825641025641,1.9278703703703706
2020-09-05,39,364.299,9.341,1.8597435897435897
2020-09-06,52,432.69599999999997,8.321076923076923,1.5942628205128206
2020-09-07,32,345.639,10.80121875,2.053480902777778
2020-09-08,28,351.1,12.539285714285715,2.5903968253968257
2020-09-09,37,384.556,10.393405405405405,2.2163588588588587
2020-09-10,31,272.068,8.776387096774194,1.8089605734767025
2020-09-11,35,286.082,8.173771428571428,2.0298809523809522
2020-09-12,20,240.749,12.03745,2.395541666666667
2020-09-13,36,245.106,6.8084999999999996,1.8035648148148147
2020-09-14,30,347.789,11.592966666666666,2.3335
2020-09-15,36,355.867,9.885194444444444,1.986273148148148
2020-09-16,40,446.448,11.1612,2.1700833333333334
2020-09-17,38,422.041,11.106342105263158,2.277887426900585
2020-09-18,46,454.159,9.873021739130435,1.988943236714976
2020-09-19,65,665.505,10.238538461538461,2.1649145299145296
2020-09-20,69,595.284,8.627304347826087,1.6923671497584543
2020-09-21,30,310.964,10.365466666666666,2.1177685185185187
2020-09-22,39,249.421,6.395410256410257,1.510477207977208
2020-09-23,50,460.321,9.206420000000001,2.0038
2020-09-24,36,428.355,11.89875,2.3288966049382713
2020-09-25,60,686.22,11.437000000000001,2.1844814814814817
2020-09-26,47,407.226,8.664382978723404,1.719533096926714
2020-09-27,56,412.607,7.3679821428571435,1.455014880952381
2020-09-28,42,526.84,12.543809523809525,2.5199801587301587
2020-09-29,36,307.948,8.55411111111111,1.8571913580246913
2020-09-30,50,569.525,11.3905,2.1713222222222224
2020-10-01,44,550.842,12.519136363636363,2.4381502525252525
2020-10-02,50,556.76,11.1352,2.389266666666667
2020-10-03,44,376.943,8.566886363636364,1.6908775252525252
2020-10-04,59,629.788,10.674372881355932,2.1163935969868173
2020-10-05,49,602.704,12.300081632653061,2.5155782312925172
2020-10-06,37,339.779,9.183216216216216,1.953108108108108
2020-10-07,55,605.678,11.012327272727273,2.3205151515151514
2020-10-08,41,385.638,9.40580487804878,1.8634485094850948
2020-10-09,38,437.538,11.514157894736842,2.269239766081871
2020-10-10,53,548.989,10.358283018867926,2.1614412997903565
2020-10-11,51,343.148,6.728392156862745,1.2400435729847494
2020-10-12,39,536.582,13.75851282051282,2.5565099715099713
2020-10-13,41,322.612,7.868585365853659,1.6729065040650408
2020-10-14,43,423.117,9.83993023255814,2.010691214470284
2020-10-15,42,418.959,9.975214285714285,2.09848544973545
2020-10-16,52,707.116,13.598384615384616,2.542767094017094
2020-10-17,54,462.207,8.559388888888888,1.602577160493827
2020-10-18,59,562.546,9.534677966101695,1.9148163841807908
2020-10-19,49,567.874,11.58926530612245,2.306485260770975
2020-10-20,40,442.877,11.071925,2.165861111111111
2020-10-21,53,442.394,8.347056603773584,1.8047431865828092
2020-10-22,48,500.709,10.4314375,2.2957118055555554
2020-10-23,48,459.459,9.5720625,1.917361111111111
2020-10-24,54,494.665,9.160462962962963,1.88625
2020-10-25,75,567.765,7.5702,1.5609962962962962
2020-10-26,39,394.08799999999997,10.104820512820512,2.024074074074074
2020-10-27,38,436.558,11.488368421052632,2.3359502923976607
2020-10-28,46,504.785,10.97358695652174,2.4517753623188407
2020-10-29,55,535.375,9.73409090909091,2.0279242424242425
2020-10-30,54,664.341,12.302611111111112,2.3640329218106997
2020-10-31,45,363.251,8.072244444444443,1.6545864197530866
2020-11-01,61,593.831,9.734934426229508,1.7678734061930783
2020-11-02,28,348.64,12.45142857142857,2.530396825396825
2020-11-03,47,410.485,8.73372340425532,2.0018794326241136
2020-11-04,40,441.55,11.03875,2.256340277777778
2020-11-05,39,449.255,11.519358974358974,2.3999928774928776
2020-11-06,42,346.344,8.246285714285714,1.7690145502645502
2020-11-07,39,407.843,10.457512820512822,1.926866096866097
2020-11-08,53,442.645,8.351792452830189,1.5275157232704402
2020-11-09,48,547.711,11.410645833333334,2.250393518518518
2020-11-10,44,490.169,11.140204545454544,2.1600126262626262
2020-11-11,38,383.647,10.095973684210525,2.098216374269006
2020-11-12,44,494.795,11.24534090909091,2.188800505050505
2020-11-13,44,526.849,11.97384090909091,2.3538446969696967
2020-11-14,33,431.85,13.086363636363638,2.4392424242424244
2020-11-15,52,355.522,6.836961538461538,1.3264957264957264
2020-11-16,37,471.844,12.75254054054054,2.5866366366366362
2020-11-17,34,420.752,12.375058823529413,2.5075
2020-11-18,39,396.349,10.16279487179487,2.063055555555555
2020-11-19,39,441.88599999999997,11.330410256410255,2.140790598290598
2020-11-20,43,440.226,10.237813953488372,1.9644961240310077
2020-11-21,41,373.98199999999997,9.12151219512195,1.74930216802168
2020-11-22,39,255.989,6.563820512820513,1.3136182336182336
2020-11-23,32,305.817,9.55678125,1.80375
2020-11-24,35,411.24,11.749714285714285,2.3617222222222223
2020-11-25,29,395.71999999999997,13.64551724137931,2.488888888888889
2020-11-26,20,204.721,10.23605,1.8315416666666668
2020-11-27,28,353.304,12.617999999999999,2.1929761904761906
2020-11-28,37,393.448,10.63372972972973,1.8613438438438439
2020-11-29,47,372.253,7.920276595744681,1.473936170212766
2020-11-30,40,467.79,11.69475,2.3411041666666668
2020-12-01,38,414.386,10.904894736842106,2.181345029239766
2020-12-02,45,502.057,11.156822222222223,2.3280679012345677
2020-12-03,47,712.574,15.161148936170212,2.8436702127659577
2020-12-04,33,364.928,11.058424242424243,2.1254545454545455
2020-12-05,41,307.923,7.510317073170731,1.6280081300813007
2020-12-06,52,463.449,8.91248076923077,1.6588568376068376
2020-12-07,33,522.643,15.837666666666667,3.025850168350168
2020-12-08,27,279.13800000000003,10.338444444444447,2.302962962962963
2020-12-09,39,368.151,9.439769230769231,2.0026424501424502
2020-12-10,28,397.326,14.190214285714287,2.7480853174603177
2020-12-11,28,330.814,11.814785714285716,2.3666865079365076
2020-12-12,31,390.539,12.598032258064515,2.2963530465949824
2020-12-13,35,267.375,7.639285714285714,1.4352380952380952
2020-12-14,36,379.221,10.533916666666666,2.177739197530864
2020-12-15,39,429.454,11.011641025641026,2.433646723646724
2020-12-16,33,283.936,8.604121212121212,1.8717340067340067
2020-12-17,34,498.825,14.671323529411765,2.8259640522875817
2020-12-18,36,529.888,14.719111111111111,2.7534953703703704
2020-12-19,22,191.702,8.713727272727272,1.6885858585858586
2020-12-20,35,259.634,7.418114285714286,1.3504444444444446
2020-12-21,39,367.604,9.42574358974359,1.9459188034188035
2020-12-22,34,423.94,12.468823529411765,2.6090522875816995
2020-12-23,34,356.937,10.49814705882353,2.128496732026144
2020-12-24,23,197.597,8.591173913043479,1.8094685990338164
2020-12-25,9,79.29599999999999,8.810666666666666,1.9249074074074075
2020-12-26,27,223.921,8.29337037037037,1.5822942386831276
2020-12-27,26,243.982,9.383923076923077,1.7513568376068376
2020-12-28,29,262.119,9.038586206896552,1.7626340996168581
2020-12-29,35,371.171,10.604885714285714,2.2203015873015874
2020-12-30,27,290.318,10.752518518518517,2.2001234567901236
2020-12-31,25,273.799,10.95196,2.1964
